canonicalName,RS_value
Brunoniella australis,herbaceous
Dicladanthera forrestii,herbaceous
Dipteracanthus australasicus,herbaceous
Hygrophila angustifolia,herbaceous
Rostellularia adscendens,herbaceous
Carpobrotus modestus,herbaceous
Carpobrotus rossii,herbaceous
Carpobrotus virescens,herbaceous
Disphyma crassifolium,herbaceous
Gunniopsis calcarea,herbaceous
Gunniopsis quadrifida,herbaceous
Mesembryanthemum crystallinum,herbaceous
Mesembryanthemum nodiflorum,herbaceous
Sarcozona praecox,herbaceous
Sesuvium portulacastrum,herbaceous
Tetragonia diptera,herbaceous
Tetragonia eremaea,herbaceous
Tetragonia implexicoma,herbaceous
Tetragonia moorei,herbaceous
Trianthema pilosum,herbaceous
Trianthema rhynchocalyptrum,herbaceous
Trianthema triquetrum,herbaceous
Achyranthes aspera,herbaceous
Alternanthera angustifolia,herbaceous
Alternanthera denticulata,herbaceous
Alternanthera nana,herbaceous
Alternanthera nodiflora,herbaceous
Amaranthus mitchellii,herbaceous
Gomphrena affinis,herbaceous
Gomphrena breviflora,herbaceous
Gomphrena canescens,herbaceous
Gomphrena flaccida,herbaceous
Gomphrena kanisii,herbaceous
Gomphrena lanata,herbaceous
Gomphrena leptoclada,herbaceous
Gomphrena parviflora,herbaceous
Ptilotus aervoides,herbaceous
Ptilotus calostachyus,herbaceous
Ptilotus carinatus,herbaceous
Ptilotus clementii,herbaceous
Ptilotus corymbosus,herbaceous
Ptilotus divaricatus,semi_woody
Ptilotus drummondii,herbaceous
Ptilotus erubescens,herbaceous
Ptilotus fusiformis,herbaceous
Ptilotus gaudichaudii,herbaceous
Ptilotus gomphrenoides,herbaceous
Ptilotus helipteroides,herbaceous
Ptilotus holosericeus,herbaceous
Ptilotus lanatus,herbaceous
Ptilotus latifolius,herbaceous
Ptilotus macrocephalus,semi_woody
Ptilotus nobilis,herbaceous
Ptilotus obovatus,semi_woody
Ptilotus polystachyus,herbaceous
Ptilotus schwartzii,semi_woody
Ptilotus seminudus,herbaceous
Ptilotus sessilifolius,semi_woody
Ptilotus spicatus,herbaceous
Surreya diandra,woody
Calostemma luteum,herbaceous
Calostemma purpureum,herbaceous
Blepharocarya depauperata,woody
Buchanania obovata,woody
Anarthria prolifera,herbaceous
Anarthria scabra,herbaceous
Lyginia imberbis,herbaceous
Actinotus helianthi,herbaceous
Actinotus minor,herbaceous
Daucus glochidiatus,herbaceous
Oreomyrrhis ciliata,herbaceous
Oreomyrrhis eriopoda,herbaceous
Platysace ericoides,woody
Platysace filiformis,woody
Platysace heterophylla,woody
Platysace linearifolia,woody
Platysace trachymenioides,woody
Xanthosia pilosa,woody
Xanthosia tridentata,woody
Alstonia constricta,woody
Alyxia buxifolia,woody
Alyxia spicata,woody
Carissa spinarum,woody
Cryptostegia grandiflora,woody
Cynanchum carnosum,herbaceous
Cynanchum floribundum,semi_woody
Cynanchum viminale,semi_woody
Dischidia major,herbaceous
Gomphocarpus physocarpus,woody
Gymnanthera oblonga,woody
Marsdenia australis,woody
Marsdenia trinervis,semi_woody
Marsdenia viridiflora,herbaceous
Parsonsia eucalyptophylla,semi_woody
Rhyncharrhena linearis,semi_woody
Wrightia saligna,woody
Hydrocotyle algida,herbaceous
Hydrocotyle callicarpa,herbaceous
Hydrocotyle comocarpa,herbaceous
Hydrocotyle diantha,herbaceous
Hydrocotyle foveolata,herbaceous
Hydrocotyle laxiflora,herbaceous
Hydrocotyle rugulosa,herbaceous
Hydrocotyle sibthorpioides,herbaceous
Polyscias sambucifolia,woody
Trachymene cyanopetala,herbaceous
Trachymene glaucifolia,herbaceous
Trachymene humilis,herbaceous
Trachymene oleracea,herbaceous
Trachymene ornata,herbaceous
Trachymene pilosa,herbaceous
Trachymene rotundifolia,herbaceous
Livistona alfredii,woody
Livistona humilis,woody
Livistona inermis,woody
Aristolochia ornithopterae,herbaceous
Acanthocarpus preissii,herbaceous
Arthropodium curvipes,herbaceous
Arthropodium dyeri,herbaceous
Arthropodium fimbriatum,herbaceous
Arthropodium strictum,herbaceous
Asparagus asparagoides,semi_woody
Chamaescilla corymbosa,herbaceous
Chamaescilla spiralis,herbaceous
Chamaexeros fimbriata,herbaceous
Eustrephus latifolius,semi_woody
Laxmannia gracilis,herbaceous
Lomandra banksii,herbaceous
Lomandra caespitosa,herbaceous
Lomandra collina,herbaceous
Lomandra cylindrica,herbaceous
Lomandra densiflora,herbaceous
Lomandra effusa,herbaceous
Lomandra fibrata,herbaceous
Lomandra filiformis,herbaceous
Lomandra glauca,herbaceous
Lomandra leucocephala,herbaceous
Lomandra longifolia,herbaceous
Lomandra maritima,herbaceous
Lomandra micrantha,herbaceous
Lomandra multiflora,herbaceous
Lomandra nana,herbaceous
Lomandra obliqua,herbaceous
Lomandra sonderi,herbaceous
Lomandra sororia,herbaceous
Lomandra suaveolens,herbaceous
Lomandra tropica,herbaceous
Sowerbaea laxiflora,herbaceous
Thysanotus baueri,herbaceous
Thysanotus exfimbriatus,herbaceous
Thysanotus manglesianus,herbaceous
Thysanotus patersonii,herbaceous
Asphodelus fistulosus,herbaceous
Bulbine alata,herbaceous
Bulbine bulbosa,herbaceous
Astelia alpina,herbaceous
Actinobole condensatum,herbaceous
Actinobole oldfieldianum,herbaceous
Actinobole uliginosum,herbaceous
Anemocarpa podolepidium,woody
Angianthus conocephalus,herbaceous
Angianthus cunninghamii,semi_woody
Angianthus tomentosus,herbaceous
Apowollastonia longipes,herbaceous
Apowollastonia spilanthoides,herbaceous
Arctotheca calendula,herbaceous
Argyrotegium fordianum,herbaceous
Argyrotegium nitidulum,semi_woody
Bellida graminea,herbaceous
Bidens bipinnata,herbaceous
Bidens pilosa,herbaceous
Bidens subalternans,herbaceous
Blennospora drummondii,herbaceous
Blumea saxatilis,herbaceous
Blumea tenella,herbaceous
Brachyscome ciliaris,herbaceous
Brachyscome decipiens,herbaceous
Brachyscome dentata,herbaceous
Brachyscome dichromosomatica,herbaceous
Brachyscome iberidifolia,herbaceous
Brachyscome lineariloba,herbaceous
Brachyscome multifida,herbaceous
Brachyscome scapigera,herbaceous
Brachyscome spathulata,herbaceous
Brachyscome tadgellii,herbaceous
Calocephalus beardii,herbaceous
Calocephalus francisii,herbaceous
Calocephalus knappii,herbaceous
Calocephalus platycephalus,herbaceous
Calotis breviradiata,herbaceous
Calotis cuneata,herbaceous
Calotis cuneifolia,herbaceous
Calotis cymbacantha,herbaceous
Calotis erinacea,semi_woody
Calotis hispidula,herbaceous
Calotis multicaulis,herbaceous
Calotis plumulifera,herbaceous
Carduus tenuiflorus,herbaceous
Carthamus lanatus,herbaceous
Cassinia complanata,woody
Cassinia laevis,woody
Celmisia pugioniformis,semi_woody
Celmisia tomentella,herbaceous
Centaurea melitensis,herbaceous
Centipeda cunninghamii,herbaceous
Centipeda minima,herbaceous
Centipeda thespidioides,herbaceous
Cephalipterum drummondii,herbaceous
Chrysanthemoides monilifera,woody
Chrysocephalum apiculatum,herbaceous
Chrysocephalum eremaeum,herbaceous
Chrysocephalum pterochaetum,herbaceous
Chrysocephalum puteale,semi_woody
Chrysocephalum semipapposum,herbaceous
Chthonocephalus pseudevax,herbaceous
Cirsium vulgare,herbaceous
Coronidium monticola,herbaceous
Coronidium scorpioides,herbaceous
Cotula australis,herbaceous
Cotula cotuloides,herbaceous
Craspedia aurantia,herbaceous
Craspedia gracilis,herbaceous
Craspedia variabilis,herbaceous
Cratystylis conocephala,woody
Cyanthillium cinereum,herbaceous
Cymbonotus preissianus,herbaceous
Dielitzia tysonii,herbaceous
Emilia sonchifolia,herbaceous
Erigeron bonariensis,herbaceous
Erigeron sumatrensis,herbaceous
Eriochlamys behrii,herbaceous
Erymophyllum ramosum,herbaceous
Euchiton japonicus,herbaceous
Euchiton traversii,herbaceous
Feldstonia nitens,herbaceous
Flaveria trinervia,herbaceous
Gilberta tenuifolia,herbaceous
Gilruthia osbornei,herbaceous
Gnephosis arachnoidea,herbaceous
Gnephosis eriocarpa,herbaceous
Gnephosis tenuissima,herbaceous
Helipterum craspedioides,herbaceous
Hyalochlamys globifera,herbaceous
Hyalosperma demissum,herbaceous
Hyalosperma glutinosum,herbaceous
Hyalosperma semisterile,herbaceous
Hypochaeris glabra,herbaceous
Hypochaeris radicata,herbaceous
Isoetopsis graminifolia,herbaceous
Ixiochlamys cuneifolia,herbaceous
Ixodia achillaeoides,woody
Lactuca serriola,herbaceous
Lagenophora huegelii,herbaceous
Lagenophora stipitata,herbaceous
Lawrencella davenportii,herbaceous
Lawrencella rosea,herbaceous
Leiocarpa leptolepis,semi_woody
Leiocarpa semicalva,herbaceous
Leiocarpa supina,herbaceous
Leiocarpa tomentosa,herbaceous
Leiocarpa websteri,herbaceous
Leontodon rhagadioloides,herbaceous
Leptinella filicula,herbaceous
Leptorhynchos squamatus,herbaceous
Leptorhynchos tetrachaetus,herbaceous
Leucochrysum stipitatum,herbaceous
Microseris lanceolata,herbaceous
Microseris scapigera,herbaceous
Millotia myosotidifolia,herbaceous
Millotia perpusilla,herbaceous
Millotia tenuifolia,herbaceous
Minuria cunninghamii,herbaceous
Minuria denticulata,herbaceous
Minuria integerrima,herbaceous
Minuria leptophylla,herbaceous
Minuria macrorhiza,herbaceous
Minuria rigida,semi_woody
Myriocephalus guerinae,herbaceous
Myriocephalus pygmaeus,herbaceous
Myriocephalus rudallii,herbaceous
Olearia algida,woody
Olearia axillaris,woody
Olearia brevipedunculata,woody
Olearia ciliata,woody
Olearia decurrens,woody
Olearia exiguifolia,woody
Olearia floribunda,woody
Olearia frostii,woody
Olearia grandiflora,semi_woody
Olearia lepidophylla,woody
Olearia muelleri,woody
Olearia passerinoides,woody
Olearia pimeleoides,woody
Olearia ramulosa,woody
Olearia rosmarinifolia,woody
Olearia subspicata,woody
Olearia teretifolia,woody
Ozothamnus cupressoides,woody
Ozothamnus retusus,woody
Pappochroma bellidioides,herbaceous
Pappochroma nitidum,herbaceous
Pembertonia latisquamea,semi_woody
Pentalepis ecliptoides,herbaceous
Pleurocarpaea denticulata,herbaceous
Pluchea dentex,herbaceous
Pluchea dunlopii,woody
Pluchea rubelliflora,herbaceous
Podolepis aristata,herbaceous
Podolepis capillaris,herbaceous
Podolepis kendallii,herbaceous
Podolepis lessonii,herbaceous
Podolepis muelleri,herbaceous
Podolepis robusta,herbaceous
Podolepis rugata,herbaceous
Podotheca angustifolia,herbaceous
Podotheca gnaphalioides,herbaceous
Pogonolepis muelleriana,herbaceous
Pogonolepis stricta,herbaceous
Polycalymma stuartii,herbaceous
Pterocaulon serrulatum,woody
Pterocaulon sphacelatum,herbaceous
Pterochaeta paniculata,herbaceous
Pycnosorus pleiocephalus,herbaceous
Quinetia urvillei,herbaceous
Reichardia tingitana,herbaceous
Rhodanthe anthemoides,herbaceous
Rhodanthe citrina,herbaceous
Rhodanthe corymbiflora,herbaceous
Rhodanthe diffusa,herbaceous
Rhodanthe floribunda,herbaceous
Rhodanthe haigii,herbaceous
Rhodanthe humboldtiana,herbaceous
Rhodanthe laevis,herbaceous
Rhodanthe manglesii,herbaceous
Rhodanthe maryonii,herbaceous
Rhodanthe microglossa,herbaceous
Rhodanthe moschata,herbaceous
Rhodanthe pygmaea,herbaceous
Rhodanthe rubella,herbaceous
Rhodanthe spicata,herbaceous
Rhodanthe stricta,herbaceous
Rhodanthe tietkensii,herbaceous
Rhodanthe troedelii,herbaceous
Rhodanthe uniflora,herbaceous
Roebuckiella cheilocarpa,herbaceous
Roebuckiella ciliocarpa,herbaceous
Rutidosis helichrysoides,herbaceous
Schoenia ayersii,herbaceous
Schoenia cassiniana,herbaceous
Senecio anethifolius,woody
Senecio cunninghamii,semi_woody
Senecio dolichocephalus,herbaceous
Senecio extensus,herbaceous
Senecio glossanthus,herbaceous
Senecio gregorii,herbaceous
Senecio lacustrinus,herbaceous
Senecio lanibracteus,woody
Senecio magnificus,herbaceous
Senecio odoratus,woody
Senecio phelleus,herbaceous
Senecio picridioides,herbaceous
Senecio pinnatifolius,herbaceous
Senecio pterophorus,woody
Senecio quadridentatus,herbaceous
Senecio runcinifolius,herbaceous
Senecio spanomerus,semi_woody
Sigesbeckia orientalis,herbaceous
Siloxerus multiflorus,herbaceous
Sonchus oleraceus,herbaceous
Streptoglossa adscendens,herbaceous
Streptoglossa bubakii,herbaceous
Streptoglossa odora,herbaceous
Stuartina hamata,herbaceous
Stuartina muelleri,herbaceous
Trichanthodium skirrophorum,herbaceous
Urospermum picroides,herbaceous
Ursinia anthemoides,herbaceous
Vittadinia arida,herbaceous
Vittadinia cervicularis,herbaceous
Vittadinia condyloides,herbaceous
Vittadinia cuneata,semi_woody
Vittadinia dissecta,herbaceous
Vittadinia eremaea,herbaceous
Vittadinia gracilis,semi_woody
Vittadinia nullarborensis,herbaceous
Vittadinia pterochaeta,herbaceous
Vittadinia sulcata,herbaceous
Waitzia acuminata,herbaceous
Xanthium occidentale,herbaceous
Xerochrysum bracteatum,herbaceous
Xerochrysum subundulatum,herbaceous
Batis argillicola,woody
Dolichandrone alternifolia,woody
Dolichandrone filiformis,woody
Dolichandrone heterophylla,woody
Cochlospermum fraseri,woody
Cochlospermum gregorii,woody
Cynoglossum australe,herbaceous
Cynoglossum suaveolens,herbaceous
Echium plantagineum,herbaceous
Ehretia saligna,woody
Halgania andromedifolia,woody
Halgania cyanea,semi_woody
Halgania erecta,semi_woody
Halgania integerrima,semi_woody
Halgania littoralis,semi_woody
Heliotropium amplexicaule,herbaceous
Heliotropium asperrimum,herbaceous
Heliotropium conocarpum,herbaceous
Heliotropium consimile,herbaceous
Heliotropium crispatum,herbaceous
Heliotropium cunninghamii,herbaceous
Heliotropium curassavicum,herbaceous
Heliotropium europaeum,herbaceous
Heliotropium foliatum,herbaceous
Heliotropium glanduliferum,semi_woody
Heliotropium heteranthum,herbaceous
Heliotropium leptaleum,herbaceous
Heliotropium moorei,herbaceous
Heliotropium pachyphyllum,herbaceous
Heliotropium peninsulare,herbaceous
Heliotropium pleiopterum,herbaceous
Heliotropium plumosum,herbaceous
Heliotropium supinum,herbaceous
Heliotropium tenuifolium,woody
Myosotis discolor,herbaceous
Trichodesma zeylanicum,semi_woody
Borya constricta,herbaceous
Borya laciniata,herbaceous
Borya sphaerocephala,herbaceous
Arabidella nasturtium,herbaceous
Blennodia canescens,herbaceous
Brassica fruticulosa,herbaceous
Brassica tournefortii,herbaceous
Cardamine lilacina,herbaceous
Carrichtera annua,herbaceous
Cuphonotus andraeanus,herbaceous
Cuphonotus humistratus,herbaceous
Geococcus pusillus,herbaceous
Harmsiodoxa puberula,herbaceous
Lepidium muelleri-ferdinandi,herbaceous
Lepidium oxytrichum,herbaceous
Lepidium papillosum,herbaceous
Lepidium phlebopetalum,herbaceous
Lepidium pseudohyssopifolium,herbaceous
Lepidium puberulum,herbaceous
Menkea australis,herbaceous
Sisymbrium erysimoides,herbaceous
Sisymbrium irio,herbaceous
Stenopetalum anfractum,herbaceous
Stenopetalum filifolium,herbaceous
Stenopetalum lineare,herbaceous
Stenopetalum nutans,herbaceous
Stenopetalum pedicellare,herbaceous
Burmannia juncea,herbaceous
Canarium australianum,woody
Opuntia tomentosa,woody
Lobelia dioica,herbaceous
Lobelia rhombifolia,herbaceous
Lobelia surrepens,herbaceous
Wahlenbergia capillaris,herbaceous
Wahlenbergia ceracea,herbaceous
Wahlenbergia gracilenta,herbaceous
Wahlenbergia gracilis,herbaceous
Wahlenbergia gymnoclada,herbaceous
Wahlenbergia preissii,herbaceous
Wahlenbergia stricta,herbaceous
Wahlenbergia tumidifructa,herbaceous
Celtis philippensis,woody
Apophyllum anomalum,woody
Capparis canescens,woody
Capparis lasiantha,woody
Capparis mitchellii,woody
Capparis umbonata,woody
Scabiosa atropurpurea,herbaceous
Cerastium glomeratum,herbaceous
Cerastium vulgare,herbaceous
Colobanthus affinis,herbaceous
Gypsophila tubulosa,herbaceous
Petrorhagia dubia,herbaceous
Polycarpaea corymbosa,herbaceous
Polycarpaea holtzei,herbaceous
Polycarpaea staminodina,herbaceous
Scleranthus biflorus,herbaceous
Scleranthus brockiei,herbaceous
Scleranthus fasciculatus,herbaceous
Scleranthus pungens,herbaceous
Scleranthus singuliflorus,herbaceous
Silene nocturna,herbaceous
Spergula pentandra,herbaceous
Spergularia diandra,herbaceous
Stellaria pallida,herbaceous
Stellaria pungens,herbaceous
Allocasuarina campestris,woody
Allocasuarina corniculata,woody
Allocasuarina decaisneana,woody
Allocasuarina fraseriana,woody
Allocasuarina humilis,woody
Allocasuarina littoralis,woody
Allocasuarina muelleriana,woody
Allocasuarina nana,woody
Allocasuarina spinosissima,woody
Allocasuarina striata,woody
Allocasuarina verticillata,woody
Casuarina cristata,woody
Casuarina pauper,woody
Denhamia cunninghamii,woody
Denhamia obscura,woody
Denhamia oleaster,woody
Elaeodendron australe,woody
Maytenus sp. Mt Windell (S.van Leeuwen 846),woody
Psammomoya choretroides,woody
Siphonodon australis,herbaceous
Stackhousia aspericocca,herbaceous
Stackhousia intermedia,herbaceous
Stackhousia monogyna,herbaceous
Stackhousia muricata,herbaceous
Stackhousia pulvinaris,herbaceous
Stackhousia subterranea,herbaceous
Centrolepis aristata,herbaceous
Centrolepis drummondiana,herbaceous
Centrolepis exserta,herbaceous
Centrolepis strigosa,herbaceous
Atriplex acutibractea,woody
Atriplex angulata,semi_woody
Atriplex cinerea,woody
Atriplex elachophylla,herbaceous
Atriplex holocarpa,herbaceous
Atriplex incrassata,semi_woody
Atriplex leptocarpa,herbaceous
Atriplex limbata,herbaceous
Atriplex lindleyi,herbaceous
Atriplex muelleri,herbaceous
Atriplex nummularia,woody
Atriplex paludosa,woody
Atriplex rhagodioides,woody
Atriplex semibaccata,herbaceous
Atriplex spongiosa,herbaceous
Atriplex stipitata,woody
Atriplex suberecta,herbaceous
Atriplex turbinata,herbaceous
Atriplex velutinella,woody
Atriplex vesicaria,woody
Chenopodium auricomum,woody
Chenopodium curvispicatum,woody
Chenopodium desertorum,semi_woody
Chenopodium nitrariaceum,woody
Dissocarpus biflorus,semi_woody
Dissocarpus paradoxus,semi_woody
Dysphania cristata,herbaceous
Dysphania kalpari,herbaceous
Dysphania melanocarpa,herbaceous
Dysphania rhadinostachya,herbaceous
Dysphania truncata,herbaceous
Einadia hastata,semi_woody
Einadia nutans,semi_woody
Einadia polygonoides,semi_woody
Einadia trigonos,semi_woody
Enchylaena tomentosa,semi_woody
Eremophea spinosa,semi_woody
Eriochiton sclerolaenoides,woody
Maireana aphylla,woody
Maireana appressa,woody
Maireana astrotricha,woody
Maireana brevifolia,woody
Maireana ciliata,woody
Maireana coronata,woody
Maireana enchylaenoides,woody
Maireana eriantha,woody
Maireana erioclada,woody
Maireana georgei,woody
Maireana integra,woody
Maireana lanosa,woody
Maireana lobiflora,woody
Maireana microphylla,woody
Maireana oppositifolia,woody
Maireana pentagona,woody
Maireana pentatropis,woody
Maireana planifolia,woody
Maireana pyramidata,woody
Maireana radiata,woody
Maireana rohrlachii,woody
Maireana scleroptera,semi_woody
Maireana sedifolia,woody
Maireana spongiocarpa,woody
Maireana tomentosa,woody
Maireana trichoptera,woody
Maireana triptera,woody
Maireana turbinata,woody
Maireana villosa,woody
Malacocera tricornis,semi_woody
Neobassia proceriflora,herbaceous
Osteocarpum acropterum,herbaceous
Osteocarpum dipterocarpum,herbaceous
Osteocarpum salsuginosum,herbaceous
Rhagodia candolleana,woody
Rhagodia crassifolia,woody
Rhagodia drummondii,woody
Rhagodia eremaea,woody
Rhagodia latifolia,woody
Rhagodia parabolica,woody
Rhagodia preissii,woody
Rhagodia spinescens,woody
Rhagodia ulicina,woody
Salsola australis,semi_woody
Sclerolaena anisacanthoides,semi_woody
Sclerolaena articulata,herbaceous
Sclerolaena bicornis,woody
Sclerolaena birchii,woody
Sclerolaena brachyptera,semi_woody
Sclerolaena brevifolia,woody
Sclerolaena calcarata,herbaceous
Sclerolaena constricta,herbaceous
Sclerolaena convexula,semi_woody
Sclerolaena cornishiana,semi_woody
Sclerolaena costata,semi_woody
Sclerolaena cuneata,semi_woody
Sclerolaena decurrens,semi_woody
Sclerolaena densiflora,herbaceous
Sclerolaena deserticola,semi_woody
Sclerolaena diacantha,semi_woody
Sclerolaena divaricata,semi_woody
Sclerolaena eriacantha,herbaceous
Sclerolaena fontinalis,semi_woody
Sclerolaena glabra,herbaceous
Sclerolaena holtiana,semi_woody
Sclerolaena intricata,semi_woody
Sclerolaena johnsonii,herbaceous
Sclerolaena lanicuspis,semi_woody
Sclerolaena limbata,herbaceous
Sclerolaena longicuspis,herbaceous
Sclerolaena muricata,woody
Sclerolaena obliquicuspis,semi_woody
Sclerolaena parallelicuspis,herbaceous
Sclerolaena parviflora,semi_woody
Sclerolaena patenticuspis,semi_woody
Sclerolaena stelligera,semi_woody
Sclerolaena tetracuspis,semi_woody
Sclerolaena tricuspis,semi_woody
Sclerolaena uniflora,herbaceous
Sclerolaena ventricosa,semi_woody
Tecticornia cupuliformis,woody
Tecticornia disarticulata,herbaceous
Tecticornia halocnemoides,woody
Tecticornia indica,woody
Tecticornia lylei,woody
Tecticornia pergranulata,woody
Tecticornia tenuis,semi_woody
Tecticornia triandra,woody
Threlkeldia diffusa,woody
Parinari nonda,woody
Cleome oxalidea,herbaceous
Cleome uncifera,herbaceous
Cleome viscosa,herbaceous
Burchardia umbellata,herbaceous
Schelhammera multiflora,herbaceous
Wurmbea biglandulosa,herbaceous
Wurmbea dioica,herbaceous
Wurmbea inframediana,herbaceous
Lumnitzera racemosa,woody
Macropteranthes kekwickii,woody
Terminalia aridicola,woody
Terminalia bursarina,woody
Terminalia canescens,woody
Terminalia carpentariae,woody
Terminalia ferdinandiana,woody
Terminalia grandiflora,woody
Terminalia latipes,woody
Terminalia platyphylla,woody
Terminalia platyptera,woody
Terminalia pterocarya,woody
Terminalia subacroptera,woody
Terminalia volucris,woody
Cartonema spicatum,herbaceous
Commelina diffusa,herbaceous
Commelina ensifolia,herbaceous
Cyanotis axillaris,herbaceous
Murdannia graminea,herbaceous
Bonamia alatisemina,herbaceous
Bonamia brevifolia,herbaceous
Bonamia erecta,semi_woody
Bonamia media,herbaceous
Bonamia pannosa,herbaceous
Bonamia pilbarensis,herbaceous
Bonamia rosea,semi_woody
Convolvulus angustissimus,herbaceous
Convolvulus clementii,herbaceous
Convolvulus eyreanus,herbaceous
Convolvulus graminetinus,herbaceous
Convolvulus recurvatus,herbaceous
Convolvulus remotus,herbaceous
Cressa australis,semi_woody
Cuscuta planiflora,herbaceous
Cuscuta victoriana,herbaceous
Davenportia davenportii,herbaceous
Dichondra repens,herbaceous
Dichondra sp. Inglewood (J.M.Dalby 86/93),herbaceous
Duperreya commixta,herbaceous
Duperreya sericea,herbaceous
Evolvulus alsinoides,herbaceous
Ipomoea coptica,herbaceous
Ipomoea diversifolia,herbaceous
Ipomoea eriocarpa,herbaceous
Ipomoea lonchophylla,herbaceous
Ipomoea muelleri,herbaceous
Ipomoea plebeia,herbaceous
Ipomoea polymorpha,herbaceous
Jacquemontia browniana,herbaceous
Merremia quinata,herbaceous
Operculina aequisepala,herbaceous
Polymeria ambigua,herbaceous
Polymeria longifolia,herbaceous
Xenostegia tridentata,herbaceous
Bryophyllum x houghtonii,herbaceous
Crassula colligata,herbaceous
Crassula colorata,herbaceous
Crassula decumbens,herbaceous
Crassula sieberiana,herbaceous
Cucumis althaeoides,herbaceous
Cucumis melo,herbaceous
Callicoma serratifolia,woody
Abildgaardia ovata,herbaceous
Arthrostylis aphylla,herbaceous
Bolboschoenus caldwellii,herbaceous
Bulbostylis barbata,herbaceous
Bulbostylis turbinata,herbaceous
Carex appressa,herbaceous
Carex breviculmis,herbaceous
Carex declinata,herbaceous
Carex gaudichaudiana,herbaceous
Carex hebes,herbaceous
Carex incomitata,herbaceous
Carex inversa,herbaceous
Carex jackiana,herbaceous
Carpha alpina,herbaceous
Carpha nivicola,herbaceous
Caustis flexuosa,herbaceous
Caustis pentandra,herbaceous
Caustis recurvata,herbaceous
Chrysitrix distigmatosa,herbaceous
Cladium procerum,herbaceous
Cyperus alterniflorus,herbaceous
Cyperus aquatilis,herbaceous
Cyperus astartodes,herbaceous
Cyperus betchei,herbaceous
Cyperus bifax,herbaceous
Cyperus breviculmis,herbaceous
Cyperus clarus,herbaceous
Cyperus concinnus,herbaceous
Cyperus conicus,herbaceous
Cyperus decompositus,herbaceous
Cyperus esculentus,herbaceous
Cyperus fulvus,herbaceous
Cyperus gilesii,herbaceous
Cyperus gracilis,herbaceous
Cyperus gymnocaulos,herbaceous
Cyperus holoschoenus,herbaceous
Cyperus iria,herbaceous
Cyperus nervulosus,herbaceous
Cyperus pulchellus,herbaceous
Cyperus scaber,herbaceous
Cyperus sexflorus,herbaceous
Cyperus squarrosus,herbaceous
Cyperus vaginatus,herbaceous
Cyperus victoriensis,herbaceous
Eleocharis acuta,herbaceous
Eleocharis caespitosissima,herbaceous
Eleocharis equisetina,herbaceous
Eleocharis pallens,herbaceous
Fimbristylis acicularis,herbaceous
Fimbristylis ammobia,herbaceous
Fimbristylis bisumbellata,herbaceous
Fimbristylis caespitosa,herbaceous
Fimbristylis cinnamometorum,herbaceous
Fimbristylis depauperata,herbaceous
Fimbristylis dichotoma,herbaceous
Fimbristylis furva,herbaceous
Fimbristylis insignis,herbaceous
Fimbristylis leucocolea,herbaceous
Fimbristylis littoralis,herbaceous
Fimbristylis macrantha,herbaceous
Fimbristylis microcarya,herbaceous
Fimbristylis oxystachya,herbaceous
Fimbristylis pachyptera,herbaceous
Fimbristylis recta,herbaceous
Fimbristylis schultzii,herbaceous
Fimbristylis simplex,herbaceous
Fimbristylis squarrulosa,herbaceous
Fimbristylis subaristata,herbaceous
Fimbristylis tetragona,herbaceous
Fimbristylis xyridis,herbaceous
Fuirena ciliaris,herbaceous
Fuirena incrassata,herbaceous
Fuirena umbellata,herbaceous
Gahnia aspera,herbaceous
Gahnia deusta,herbaceous
Gahnia microstachya,herbaceous
Gahnia sieberiana,herbaceous
Isolepis aucklandica,herbaceous
Isolepis marginata,herbaceous
Lepidosperma canescens,herbaceous
Lepidosperma carphoides,herbaceous
Lepidosperma congestum,herbaceous
Lepidosperma curtisiae,herbaceous
Lepidosperma gunnii,herbaceous
Lepidosperma laterale,herbaceous
Lepidosperma leptostachyum,herbaceous
Lepidosperma semiteres,herbaceous
Lepidosperma squamatum,herbaceous
Lepidosperma viscidum,herbaceous
Lipocarpha microcephala,herbaceous
Mesomelaena preissii,herbaceous
Mesomelaena stygia,herbaceous
Oreobolus distichus,herbaceous
Ptilothrix deusta,herbaceous
Rhynchospora brownii,herbaceous
Rhynchospora exserta,herbaceous
Rhynchospora leae,herbaceous
Rhynchospora longisetis,herbaceous
Rhynchospora pterochaeta,herbaceous
Schoenus apogon,herbaceous
Schoenus breviculmis,herbaceous
Schoenus caespititius,herbaceous
Schoenus calcatus,herbaceous
Schoenus calostachyus,herbaceous
Schoenus calyptratus,herbaceous
Schoenus curvifolius,herbaceous
Schoenus ericetorum,herbaceous
Schoenus hexandrus,herbaceous
Schoenus imberbis,herbaceous
Schoenus melanostachys,herbaceous
Schoenus nanus,herbaceous
Schoenus nitens,herbaceous
Schoenus pleiostemoneus,herbaceous
Schoenus sparteus,herbaceous
Schoenus subaphyllus,herbaceous
Schoenus sublateralis,herbaceous
Scleria brownii,herbaceous
Scleria laxa,herbaceous
Scleria polycarpa,herbaceous
Scleria pygmaea,herbaceous
Scleria rugosa,herbaceous
Scleria sphacelata,herbaceous
Tricostularia neesii,herbaceous
Tricostularia undulata,herbaceous
Dasypogon bromeliifolius,herbaceous
Hibbertia araneolifera,woody
Hibbertia bracteata,woody
Hibbertia candicans,woody
Hibbertia caudice,woody
Hibbertia circumdans,woody
Hibbertia cistifolia,woody
Hibbertia conspicua,woody
Hibbertia crinita,woody
Hibbertia dealbata,woody
Hibbertia dilatata,semi_woody
Hibbertia eatoniae,woody
Hibbertia exutiacies,woody
Hibbertia fasciculata,woody
Hibbertia glabriuscula,woody
Hibbertia glomerosa,woody
Hibbertia grossulariifolia,woody
Hibbertia hemignosta,woody
Hibbertia huegelii,woody
Hibbertia hypericoides,woody
Hibbertia inconspicua,woody
Hibbertia juncea,herbaceous
Hibbertia lepidota,woody
Hibbertia montana,woody
Hibbertia obtusifolia,woody
Hibbertia paeninsularis,woody
Hibbertia pallidiflora,woody
Hibbertia pulchra,woody
Hibbertia riparia,woody
Hibbertia rostellata,woody
Hibbertia sericea,woody
Hibbertia stenophylla,woody
Hibbertia subvaginata,woody
Hibbertia tasmanica,semi_woody
Hibbertia vaginata,woody
Hibbertia virgata,woody
Drosera andersoniana,herbaceous
Drosera arcturi,herbaceous
Drosera auriculata,herbaceous
Drosera bulbosa,herbaceous
Drosera burmanni,herbaceous
Drosera derbyensis,herbaceous
Drosera erythrorhiza,herbaceous
Drosera glanduligera,herbaceous
Drosera huegelii,herbaceous
Drosera indica,herbaceous
Drosera lanata,herbaceous
Drosera macrantha,herbaceous
Drosera moorei,herbaceous
Drosera pallida,herbaceous
Drosera peltata,herbaceous
Drosera petiolaris,herbaceous
Drosera prostrata,herbaceous
Drosera pygmaea,herbaceous
Drosera stolonifera,herbaceous
Drosera whittakeri,herbaceous
Diospyros humilis,woody
Ecdeiocolea monostachya,herbaceous
Elaeocarpus reticulatus,woody
Tetratheca efoliata,woody
Tetratheca ericifolia,woody
Tetratheca halmaturina,woody
Tetratheca pilosa,woody
Tetratheca rubioides,woody
Tetratheca rupicola,woody
Tremandra diffusa,woody
Bergia henshallii,herbaceous
Bergia trimera,herbaceous
Acrothamnus hookeri,woody
Acrotriche affinis,woody
Acrotriche cordata,woody
Acrotriche depressa,woody
Acrotriche fasciculiflora,woody
Acrotriche patula,woody
Acrotriche rigida,woody
Acrotriche serrulata,woody
Astroloma ciliatum,woody
Astroloma humifusum,woody
Astroloma serratifolium,woody
Brachyloma ericoides,woody
Brachyloma preissii,woody
Conostephium minus,woody
Conostephium pendulum,woody
Epacris celata,woody
Epacris glacialis,woody
Epacris gunnii,woody
Epacris impressa,woody
Epacris microphylla,woody
Epacris paludosa,woody
Epacris pulchella,woody
Leucopogon affinis,woody
Leucopogon australis,woody
Leucopogon concurvus,woody
Leucopogon cordatus,woody
Leucopogon costatus,woody
Leucopogon cucullatus,woody
Leucopogon decrescens,woody
Leucopogon hamulosus,woody
Leucopogon interstans,woody
Leucopogon microphyllus,woody
Leucopogon obovatus,woody
Leucopogon parviflorus,woody
Leucopogon rufus,woody
Leucopogon sp. Coolgardie (M.Hislop & F.Hort MH3197),woody
Leucopogon sp. outer wheatbelt (M.Hislop 30),woody
Leucopogon yorkensis,woody
Lissanthe strigosa,woody
Melichrus urceolatus,woody
Monotoca elliptica,woody
Monotoca scoparia,woody
Pentachondra pumila,woody
Richea continentis,woody
Stenanthera conostephioides,woody
Styphelia exarrhena,woody
Styphelia laeta,woody
Styphelia triflora,woody
Woollsia pungens,woody
Eriocaulon depressum,herbaceous
Eriocaulon fistulosum,herbaceous
Erythroxylum australe,woody
Erythroxylum ellipticum,woody
Adriana tomentosa,woody
Amperea xiphoclada,woody
Beyeria cinerea,woody
Beyeria gardneri,woody
Beyeria lechenaultii,woody
Beyeria opaca,woody
Beyeria sulcata,woody
Bridelia tomentosa,woody
Calycopeplus paucifolius,woody
Croton arnhemicus,woody
Croton multicaulis,woody
Croton phebalioides,woody
Euphorbia australis,herbaceous
Euphorbia biconvexa,herbaceous
Euphorbia bifida,herbaceous
Euphorbia boophthona,herbaceous
Euphorbia centralis,herbaceous
Euphorbia dallachyana,herbaceous
Euphorbia drummondii,herbaceous
Euphorbia ferdinandi,herbaceous
Euphorbia laciniloba,semi_woody
Euphorbia mitchelliana,herbaceous
Euphorbia multifaria,herbaceous
Euphorbia parvicaruncula,herbaceous
Euphorbia porcata,semi_woody
Euphorbia schultzii,herbaceous
Euphorbia stevenii,herbaceous
Euphorbia tannensis,woody
Euphorbia terracina,herbaceous
Euphorbia trigonosperma,semi_woody
Excoecaria parvifolia,woody
Microstachys chamaelea,semi_woody
Ricinocarpos muricatus,woody
Acacia acuaria,woody
Acacia acuminata,woody
Acacia adoxa,woody
Acacia alleniana,woody
Acacia anceps,woody
Acacia ancistrocarpa,woody
Acacia aneura,woody
Acacia aptaneura,woody
Acacia araneosa,woody
Acacia asperulacea,woody
Acacia assimilis,woody
Acacia atkinsiana,woody
Acacia ayersiana,woody
Acacia beauverdiana,woody
Acacia bivenosa,woody
Acacia brachystachya,woody
Acacia browniana,woody
Acacia brownii,woody
Acacia burkittii,woody
Acacia buxifolia,woody
Acacia caesaneura,woody
Acacia calamifolia,woody
Acacia calligera,woody
Acacia cambagei,woody
Acacia carneorum,woody
Acacia chamaeleon,woody
Acacia cheelii,woody
Acacia chrysocephala,woody
Acacia citrinoviridis,woody
Acacia cochlearis,woody
Acacia colei,woody
Acacia colletioides,woody
Acacia consanguinea,woody
Acacia continua,woody
Acacia coolgardiensis,woody
Acacia cowleana,woody
Acacia crassicarpa,woody
Acacia cupularis,woody
Acacia cuthbertsonii,woody
Acacia cyclops,woody
Acacia cylindrica,woody
Acacia dawsonii,woody
Acacia dealbata,woody
Acacia deanei,woody
Acacia dentifera,woody
Acacia desertorum,woody
Acacia dictyophleba,woody
Acacia didyma,woody
Acacia difficilis,woody
Acacia dimidiata,woody
Acacia duriuscula,woody
Acacia effusifolia,woody
Acacia enervia,woody
Acacia eriopoda,woody
Acacia estrophiolata,woody
Acacia euthycarpa,woody
Acacia excelsa,woody
Acacia fragilis,woody
Acacia fuscaneura,woody
Acacia galioides,woody
Acacia georginae,woody
Acacia gibbosa,woody
Acacia gonocarpa,woody
Acacia gonoclada,woody
Acacia hakeoides,woody
Acacia hammondii,woody
Acacia harpophylla,woody
Acacia havilandiorum,woody
Acacia hemignosta,woody
Acacia hemiteles,woody
Acacia hemsleyi,woody
Acacia heteroneura,woody
Acacia hilliana,woody
Acacia holosericea,woody
Acacia hopperiana,woody
Acacia humifusa,woody
Acacia implexa,woody
Acacia inaequiloba,woody
Acacia incurvaneura,woody
Acacia ixiophylla,woody
Acacia jennerae,woody
Acacia julifera,woody
Acacia kempeana,woody
Acacia lamprocarpa,woody
Acacia lasiocalyx,woody
Acacia lasiocarpa,woody
Acacia legnota,woody
Acacia leiocalyx,woody
Acacia leptocarpa,woody
Acacia leptoloba,woody
Acacia leptostachya,woody
Acacia ligulata,woody
Acacia limbata,woody
Acacia lineata,woody
Acacia lineolata,woody
Acacia linifolia,woody
Acacia loderi,woody
Acacia longifolia,woody
Acacia longispinea,woody
Acacia lycopodiifolia,woody
Acacia lysiphloia,woody
Acacia macraneura,woody
Acacia maitlandii,woody
Acacia mariae,woody
Acacia marramamba,woody
Acacia mearnsii,woody
Acacia melanoxylon,woody
Acacia melleodora,woody
Acacia melvillei,woody
Acacia merrallii,woody
Acacia mimula,woody
Acacia mollifolia,woody
Acacia monticola,woody
Acacia mulganeura,woody
Acacia murrayana,woody
Acacia myrtifolia,woody
Acacia neurophylla,woody
Acacia nyssophylla,woody
Acacia obtusifolia,woody
Acacia oldfieldii,woody
Acacia oncinocarpa,woody
Acacia oswaldii,woody
Acacia pachyacra,woody
Acacia papyrocarpa,woody
Acacia paradoxa,woody
Acacia paraneura,woody
Acacia penninervis,woody
Acacia phlebocarpa,woody
Acacia platycarpa,woody
Acacia plautella,woody
Acacia plectocarpa,woody
Acacia polystachya,woody
Acacia prainii,woody
Acacia pravifolia,woody
Acacia pruinocarpa,woody
Acacia pteraneura,woody
Acacia pulchella,woody
Acacia pycnantha,woody
Acacia pyrifolia,woody
Acacia ramulosa,woody
Acacia resinimarginea,woody
Acacia rhodophloia,woody
Acacia rivalis,woody
Acacia rothii,woody
Acacia salicina,woody
Acacia saligna,woody
Acacia sclerosperma,woody
Acacia sericophylla,woody
Acacia sessilis,woody
Acacia shirleyi,woody
Acacia sibina,woody
Acacia sibirica,woody
Acacia simsii,woody
Acacia solenota,woody
Acacia sp. Urandangie (L.Pedley 2025),woody
Acacia stellaticeps,woody
Acacia stenophylla,woody
Acacia stenoptera,woody
Acacia stereophylla,woody
Acacia stipuligera,woody
Acacia suaveolens,woody
Acacia subcontorta,woody
Acacia subternata,woody
Acacia synchronicia,woody
Acacia tarculensis,woody
Acacia tenuissima,woody
Acacia tephrina,woody
Acacia terminalis,woody
Acacia tetragonophylla,woody
Acacia thomsonii,woody
Acacia torringtonensis,woody
Acacia torulosa,woody
Acacia trachycarpa,woody
Acacia translucens,woody
Acacia triquetra,woody
Acacia tumida,woody
Acacia ulicifolia,woody
Acacia umbraculiformis,woody
Acacia uncifolia,woody
Acacia uncinella,woody
Acacia victoriae,woody
Acacia wanyu,woody
Acacia wattsiana,woody
Acacia xiphophylla,woody
Acacia yorkrakinensis,woody
Aeschynomene indica,herbaceous
Albizia lebbeck,woody
Aotus subglauca,woody
Aphyllodium biarticulatum,semi_woody
Austrosteenisia blackii,woody
Bauhinia carronii,woody
Bauhinia cunninghamii,woody
Bauhinia gilva,woody
Bossiaea bossiaeoides,woody
Bossiaea ensata,woody
Bossiaea eriocarpa,woody
Bossiaea heterophylla,woody
Bossiaea linophylla,woody
Bossiaea obcordata,woody
Bossiaea ornata,woody
Bossiaea praetermissa,woody
Bossiaea prostrata,semi_woody
Bossiaea rhombifolia,woody
Bossiaea scolopendria,woody
Bossiaea sericea,woody
Bossiaea walkeri,woody
Cajanus marmoratus,herbaceous
Cathormion umbellatum,woody
Chamaecrista absus,herbaceous
Chorizema racemosum,woody
Crotalaria brevis,woody
Crotalaria cunninghamii,woody
Crotalaria dissitiflora,herbaceous
Crotalaria eremaea,herbaceous
Crotalaria goreensis,herbaceous
Crotalaria juncea,herbaceous
Crotalaria medicaginea,semi_woody
Crotalaria montana,semi_woody
Crotalaria novae-hollandiae,woody
Crotalaria smithiana,herbaceous
Cullen australasicum,woody
Cullen badocanum,woody
Cullen cinereum,semi_woody
Cullen discolor,herbaceous
Cullen graveolens,herbaceous
Cullen patens,herbaceous
Daviesia alata,woody
Daviesia argillacea,woody
Daviesia asperula,woody
Daviesia benthamii,woody
Daviesia brevifolia,woody
Daviesia hakeoides,woody
Daviesia incrassata,woody
Daviesia latifolia,woody
Daviesia leptophylla,woody
Daviesia sarissa,woody
Daviesia ulicifolia,woody
Dendrolobium arbuscula,woody
Desmodium brachypodum,herbaceous
Desmodium campylocaulon,herbaceous
Desmodium filiforme,herbaceous
Desmodium muelleri,herbaceous
Desmodium pullenii,herbaceous
Desmodium trichostachyum,herbaceous
Dillwynia hispida,woody
Dillwynia retorta,woody
Dillwynia sericea,woody
Erythrina vespertilio,woody
Erythrophleum chlorostachys,woody
Eutaxia microphylla,woody
Eutaxia neurocalyx,woody
Flemingia parviflora,woody
Flemingia pauciflora,semi_woody
Flemingia trifoliata,semi_woody
Galactia megalophylla,semi_woody
Galactia tenuiflora,herbaceous
Gastrolobium parviflorum,woody
Genista monspessulana,woody
Glycine canescens,herbaceous
Glycine latrobeana,herbaceous
Glycine rubiginosa,herbaceous
Glycine tabacina,semi_woody
Glycine tomentella,herbaceous
Gompholobium ecostatum,woody
Gompholobium grandiflorum,woody
Gompholobium huegelii,woody
Gompholobium latifolium,woody
Gompholobium nitidum,woody
Gompholobium oreophilum,woody
Hovea chorizemifolia,woody
Hovea heterophylla,woody
Hovea montana,woody
Hovea parvicalyx,woody
Hovea trisperma,woody
Indigastrum parviflorum,herbaceous
Indigofera australis,woody
Indigofera colutea,herbaceous
Indigofera cornuligera,woody
Indigofera ewartiana,woody
Indigofera hirsuta,herbaceous
Indigofera linifolia,semi_woody
Indigofera linnaei,herbaceous
Indigofera monophylla,woody
Indigofera polygaloides,herbaceous
Indigofera psammophila,herbaceous
Indigofera sp. Bungaroo Creek (S.van Leeuwen 4301),woody
Indigofera trita,woody
Isotropis cuneifolia,semi_woody
Jacksonia aculeata,woody
Jacksonia cupulifera,woody
Jacksonia dilatata,woody
Jacksonia forrestii,woody
Jacksonia furcellata,woody
Jacksonia nematoclada,woody
Jacksonia odontoclada,woody
Jacksonia sternbergiana,woody
Jacksonia thesioides,woody
Kennedia coccinea,woody
Kennedia prorepens,semi_woody
Kennedia prostrata,semi_woody
Labichea teretifolia,woody
Leptosema aculeatum,woody
Leptosema chambersii,woody
Lespedeza juncea,woody
Lotus australis,herbaceous
Lotus cruentus,herbaceous
Medicago laciniata,herbaceous
Medicago minima,herbaceous
Medicago polymorpha,herbaceous
Medicago truncatula,herbaceous
Melilotus indicus,herbaceous
Mirbelia microphylla,woody
Mirbelia platylobioides,woody
Mirbelia sp. Bursarioides (T..Lally 760),woody
Muelleranthus obovatus,herbaceous
Muelleranthus stipularis,herbaceous
Muelleranthus trifoliolatus,herbaceous
Neptunia dimorphantha,semi_woody
Neptunia gracilis,semi_woody
Neptunia monosperma,semi_woody
Ornithopus compressus,herbaceous
Oxylobium ellipticum,woody
Parkinsonia aculeata,woody
Petalostylis cassioides,woody
Petalostylis labicheoides,woody
Phyllota grandiflora,woody
Phyllota phylicoides,woody
Phyllota pleurandroides,woody
Phyllota squarrosa,woody
Platylobium obtusangulum,woody
Podolobium ilicifolium,woody
Pultenaea acerosa,woody
Pultenaea daphnoides,woody
Pultenaea graveolens,woody
Pultenaea involucrata,woody
Pultenaea kraehenbuehlii,woody
Pultenaea largiflorens,woody
Pultenaea laxiflora,woody
Pultenaea linophylla,woody
Pultenaea pedunculata,woody
Pultenaea prostrata,woody
Pultenaea reticulata,woody
Pultenaea scabra,woody
Pultenaea tenella,woody
Pultenaea tenuifolia,woody
Pultenaea trinervis,woody
Pultenaea tuberculata,woody
Pultenaea viscidula,woody
Pycnospora lutescens,semi_woody
Rhynchosia australis,herbaceous
Rhynchosia minima,herbaceous
Senna artemisioides,woody
Senna cardiosperma,woody
Senna charlesiana,woody
Senna coronilloides,woody
Senna costata,woody
Senna glutinosa,woody
Senna hamersleyensis,woody
Senna notabilis,woody
Senna phyllodinea,woody
Senna pleurocarpa,woody
Senna sp. Austin (A.Strid 20210),woody
Senna sp. Meekatharra (E.Bailey 1-26),woody
Senna stowardii,woody
Sesbania cannabina,semi_woody
Sphaerolobium minus,woody
Stylosanthes hamata,semi_woody
Stylosanthes humilis,semi_woody
Stylosanthes scabra,woody
Stylosanthes viscosa,semi_woody
Swainsona affinis,herbaceous
Swainsona campylantha,herbaceous
Swainsona flavicarinata,herbaceous
Swainsona formosa,herbaceous
Swainsona galegifolia,semi_woody
Swainsona kingii,herbaceous
Swainsona laxa,woody
Swainsona microphylla,herbaceous
Swainsona oligophylla,herbaceous
Swainsona oroboides,herbaceous
Swainsona phacoides,herbaceous
Swainsona stipularis,herbaceous
Swainsona tenuis,herbaceous
Templetonia aculeata,woody
Templetonia ceracea,woody
Templetonia egena,woody
Templetonia rossii,woody
Tephrosia coriacea,woody
Tephrosia delestangii,semi_woody
Tephrosia filipes,herbaceous
Tephrosia leptoclada,semi_woody
Tephrosia porrecta,semi_woody
Tephrosia procera,woody
Tephrosia remotiflora,semi_woody
Tephrosia rosea,woody
Tephrosia sphaerospora,herbaceous
Tephrosia subpectinata,woody
Tephrosia supina,semi_woody
Trifolium campestre,herbaceous
Trifolium repens,herbaceous
Trifolium subterraneum,herbaceous
Trigonella suavissima,herbaceous
Ulex europaeus,woody
Uraria lagopodioides,herbaceous
Vachellia farnesiana,woody
Vachellia pachyphloia,woody
Vachellia pallidifolia,woody
Vachellia suberosa,woody
Vachellia valida,woody
Vandasina retusa,woody
Vicia sativa,herbaceous
Vigna lanceolata,herbaceous
Vigna radiata,herbaceous
Vigna vexillata,herbaceous
Zornia adenophora,herbaceous
Zornia albiflora,herbaceous
Zornia disticha,herbaceous
Zornia muriculata,herbaceous
Zornia prostrata,herbaceous
Frankenia cinerea,woody
Frankenia eremophila,woody
Frankenia gracilis,woody
Frankenia pauciflora,woody
Frankenia serpyllifolia,semi_woody
Frankenia sessilis,woody
Erodium aureum,herbaceous
Erodium botrys,herbaceous
Erodium brachycarpum,herbaceous
Erodium carolinianum,herbaceous
Erodium cicutarium,herbaceous
Erodium crinitum,herbaceous
Erodium cygnorum,herbaceous
Geranium antrorsum,herbaceous
Geranium retrorsum,herbaceous
Geranium solanderi,herbaceous
Pelargonium littorale,herbaceous
Brunonia australis,herbaceous
Dampiera altissima,semi_woody
Dampiera candicans,woody
Dampiera cinerea,woody
Dampiera dysantha,woody
Dampiera incana,semi_woody
Dampiera lanceolata,woody
Dampiera lavandulacea,woody
Dampiera lindleyi,semi_woody
Dampiera linearis,herbaceous
Dampiera pedunculata,semi_woody
Dampiera purpurea,woody
Dampiera spicigera,semi_woody
Dampiera stenostachya,semi_woody
Dampiera stricta,semi_woody
Goodenia albiflora,woody
Goodenia armitiana,herbaceous
Goodenia armstrongiana,herbaceous
Goodenia bellidifolia,herbaceous
Goodenia berardiana,herbaceous
Goodenia blackiana,herbaceous
Goodenia cusackiana,herbaceous
Goodenia cycloptera,herbaceous
Goodenia drummondii,semi_woody
Goodenia fascicularis,herbaceous
Goodenia geniculata,herbaceous
Goodenia glabra,herbaceous
Goodenia havilandii,herbaceous
Goodenia hederacea,herbaceous
Goodenia hispida,herbaceous
Goodenia janamba,herbaceous
Goodenia lamprosperma,herbaceous
Goodenia lunata,herbaceous
Goodenia microptera,herbaceous
Goodenia mimuloides,herbaceous
Goodenia nuda,herbaceous
Goodenia odonnellii,herbaceous
Goodenia ovata,semi_woody
Goodenia pascua,herbaceous
Goodenia pilosa,herbaceous
Goodenia pinnatifida,herbaceous
Goodenia prostrata,herbaceous
Goodenia pumilio,herbaceous
Goodenia stobbsiana,woody
Goodenia strangfordii,woody
Goodenia triodiophila,herbaceous
Goodenia varia,woody
Goodenia vernicosa,semi_woody
Goodenia vilmoriniae,herbaceous
Lechenaultia divaricata,woody
Scaevola albida,herbaceous
Scaevola amblyanthera,semi_woody
Scaevola anchusifolia,semi_woody
Scaevola browniana,woody
Scaevola crassifolia,woody
Scaevola depauperata,woody
Scaevola humilis,herbaceous
Scaevola parvibarbata,herbaceous
Scaevola parvifolia,semi_woody
Scaevola ramosissima,herbaceous
Scaevola restiacea,semi_woody
Scaevola spinescens,woody
Velleia cycnopotamica,herbaceous
Velleia glabrata,herbaceous
Velleia montana,herbaceous
Velleia rosea,herbaceous
Velleia trinervis,herbaceous
Codonocarpus cotinifolius,woody
Codonocarpus pyramidalis,woody
Anigozanthos bicolor,herbaceous
Anigozanthos humilis,herbaceous
Conostylis aculeata,herbaceous
Conostylis argentea,herbaceous
Conostylis juncea,herbaceous
Conostylis pusilla,herbaceous
Conostylis setigera,herbaceous
Haemodorum brevicaule,herbaceous
Haemodorum coccineum,herbaceous
Phlebocarya ciliata,herbaceous
Glischrocaryon aureum,semi_woody
Glischrocaryon behrii,herbaceous
Gonocarpus chinensis,herbaceous
Gonocarpus elatus,semi_woody
Gonocarpus leptothecus,semi_woody
Gonocarpus mezianus,herbaceous
Gonocarpus micranthus,herbaceous
Gonocarpus montanus,herbaceous
Gonocarpus nodulosus,herbaceous
Gonocarpus tetragynus,herbaceous
Gonocarpus teucrioides,herbaceous
Haloragis aspera,herbaceous
Haloragis glauca,herbaceous
Haloragis gossei,herbaceous
Haloragis maierae,herbaceous
Haloragis trigonocarpa,herbaceous
Agrostocrinum scabrum,herbaceous
Caesia calliantha,herbaceous
Caesia sp. Wongan (K.F.Kenneally 8820),herbaceous
Corynotheca micrantha,semi_woody
Dianella brevicaulis,herbaceous
Dianella caerulea,herbaceous
Dianella odorata,herbaceous
Dianella revoluta,herbaceous
Thelionema caespitosum,herbaceous
Tricoryne anceps,herbaceous
Tricoryne elatior,herbaceous
Gyrocarpus americanus,woody
Hypericum gramineum,herbaceous
Hypericum japonicum,herbaceous
Hypericum perforatum,herbaceous
Pauridia glabella,herbaceous
Ferraria crispa,herbaceous
Moraea flaccida,herbaceous
Moraea setifolia,herbaceous
Orthrosanthus multiflorus,herbaceous
Patersonia drummondii,herbaceous
Patersonia glabrata,herbaceous
Patersonia occidentalis,herbaceous
Patersonia rudis,herbaceous
Patersonia sericea,herbaceous
Patersonia umbrosa,herbaceous
Romulea rosea,herbaceous
Sparaxis bulbifera,herbaceous
Juncus aridicola,herbaceous
Juncus australis,herbaceous
Juncus continuus,herbaceous
Juncus phaeanthus,herbaceous
Juncus subsecundus,herbaceous
Luzula acutifolia,herbaceous
Luzula flaccida,herbaceous
Luzula meridionalis,herbaceous
Luzula modesta,herbaceous
Triglochin isingiana,herbaceous
Anisomeles inodora,semi_woody
Anisomeles languida,semi_woody
Basilicum polystachyon,herbaceous
Clerodendrum floribundum,woody
Clerodendrum inerme,woody
Clerodendrum tatei,herbaceous
Dicrastylis cordifolia,woody
Dicrastylis costelloi,woody
Dicrastylis fulva,woody
Dicrastylis lewellinii,woody
Gmelina dalrympleana,woody
Hemiandra pungens,woody
Hemigenia purpurea,woody
Marrubium vulgare,woody
Mesosphaerum suaveolens,woody
Microcorys sp. Mt Gibson (S.Patrick 2098),woody
Newcastelia cephalantha,woody
Newcastelia cladotricha,woody
Newcastelia spodiotricha,woody
Pityrodia lepidota,woody
Premna acuminata,woody
Prostanthera althoferi,woody
Prostanthera behriana,woody
Prostanthera cuneata,woody
Prostanthera eckersleyana,woody
Prostanthera grylloana,woody
Prostanthera semiteres,woody
Prostanthera spinosa,woody
Prostanthera striatiflora,woody
Prostanthera wilkieana,woody
Quoya oldfieldii,woody
Salvia verbenaca,herbaceous
Stachys arvensis,herbaceous
Teucrium corymbosum,herbaceous
Teucrium racemosum,herbaceous
Teucrium sessiliflorum,herbaceous
Teucrium teucriiflorum,woody
Westringia cephalantha,woody
Westringia cheelii,woody
Westringia dampieri,woody
Westringia rigida,woody
Cassytha aurea,herbaceous
Cassytha capillaris,herbaceous
Cassytha filiformis,herbaceous
Cassytha flindersii,herbaceous
Cassytha glabella,herbaceous
Cassytha melantha,herbaceous
Cassytha nodiflora,herbaceous
Cassytha peninsularis,herbaceous
Cassytha pomiformis,herbaceous
Cassytha pubescens,herbaceous
Cassytha racemosa,herbaceous
Endiandra glauca,woody
Barringtonia acutangula,woody
Planchonia careya,woody
Utricularia chrysantha,herbaceous
Linum marginale,herbaceous
Buchnera asperata,semi_woody
Buchnera gracilis,herbaceous
Buchnera linearis,herbaceous
Buchnera urticifolia,herbaceous
Logania ovata,woody
Logania scabrella,woody
Mitrasacme connata,herbaceous
Mitrasacme nummularia,herbaceous
Mitrasacme polymorpha,herbaceous
Orianthera serpyllifolia,semi_woody
Phyllangium divergens,herbaceous
Amyema fitzgeraldii,woody
Amyema hilliana,woody
Amyema linophylla,woody
Amyema maidenii,woody
Amyema miquelii,woody
Amyema miraculosa,woody
Amyema quandang,woody
Amyema villiflora,woody
Dendrophthoe glabrescens,woody
Dendrophthoe vitellina,woody
Diplatia grandibractea,woody
Lysiana casuarinae,woody
Lysiana exocarpi,woody
Lysiana linearifolia,woody
Lysiana spathulata,woody
Lysiana subfalcata,woody
Nuytsia floribunda,woody
Abutilon cryptopetalum,woody
Abutilon fraseri,woody
Abutilon halophilum,herbaceous
Abutilon hannii,woody
Abutilon leucopetalum,woody
Abutilon otocarpum,woody
Abutilon oxycarpum,woody
Adansonia gregorii,woody
Alyogyne hakeifolia,woody
Alyogyne huegelii,woody
Alyogyne pinoniana,woody
Androcalva loxophylla,woody
Brachychiton australis,woody
Brachychiton diversifolius,woody
Brachychiton gregorii,woody
Brachychiton megaphyllus,woody
Brachychiton muellerianus,woody
Brachychiton paradoxus,woody
Brachychiton populneus,woody
Brachychiton vitifolius,woody
Corchorus crozophorifolius,woody
Corchorus lasiocarpus,herbaceous
Corchorus sericeus,semi_woody
Corchorus sidoides,woody
Corchorus tectus,semi_woody
Corchorus tridens,semi_woody
Gossypium australe,woody
Gossypium robinsonii,semi_woody
Gossypium sturtianum,woody
Grewia mesomischa,woody
Grewia retusifolia,woody
Helicteres cana,woody
Helicteres tenuipila,semi_woody
Herissantia crispa,herbaceous
Hibiscus austrinus,woody
Hibiscus brachysiphonius,woody
Hibiscus burtonii,woody
Hibiscus krichauffianus,woody
Hibiscus leptocladus,semi_woody
Hibiscus meraukensis,woody
Hibiscus sturtii,woody
Hibiscus verdcourtii,woody
Lasiopetalum discolor,woody
Lasiopetalum schulzenii,woody
Lawrencia densiflora,semi_woody
Lawrencia repens,semi_woody
Lawrencia squamata,woody
Malva preissiana,woody
Malva weinmanniana,herbaceous
Malvastrum americanum,semi_woody
Melhania oblongifolia,woody
Melochia corchorifolia,semi_woody
Seringia cacaobrunnea,woody
Seringia elliptica,woody
Seringia nephrosperma,woody
Sida ammophila,semi_woody
Sida arsiniata,semi_woody
Sida brachypoda,semi_woody
Sida calyxhymenia,semi_woody
Sida cordifolia,semi_woody
Sida corrugata,semi_woody
Sida cunninghamii,semi_woody
Sida ectogama,semi_woody
Sida fibulifera,semi_woody
Sida goniocarpa,semi_woody
Sida hackettiana,semi_woody
Sida intricata,semi_woody
Sida petrophila,semi_woody
Sida platycalyx,semi_woody
Sida rhombifolia,semi_woody
Sida rohlenae,semi_woody
Sida sp. dark green fruits (S.van Leeuwen 2260),semi_woody
Sida sp. L (A.M.Ashby 4202),semi_woody
Sida sp. limestone (D.E.Albrecht 5748),semi_woody
Sida sp. Musselbrook (M.B.Thomas+ MRS437),woody
Sida sp. Rainbow Valley (D.E.Albrecht 6601),semi_woody
Sida sp. Simpson Desert dunes (P.K.Latz 18008),semi_woody
Sida sp. spiciform panicles (E.Leyland s.n. 14/8/1990),semi_woody
Sida sp. Wakaya Desert (P.K.Latz 11894),semi_woody
Sida spenceriana,semi_woody
Sida spinosa,semi_woody
Sida spodochroma,semi_woody
Sida trichopoda,semi_woody
Thomasia petalocalyx,woody
Triumfetta breviaculeata,woody
Triumfetta incana,woody
Triumfetta longipedunculata,woody
Triumfetta plumigera,woody
Waltheria indica,woody
Azadirachta indica,woody
Melia azedarach,woody
Owenia acidula,woody
Owenia vernicosa,woody
Tinospora smilacina,woody
Glinus lotoides,herbaceous
Agonis theiformis,woody
Aluta maisonneuvei,woody
Angophora costata,woody
Angophora hispida,woody
Asteromyrtus lysicephala,woody
Asteromyrtus symphyocarpa,woody
Baeckea elderiana,woody
Baeckea ericaea,woody
Baeckea frutescens,woody
Baeckea gunniana,woody
Baeckea muricata,woody
Baeckea pentagonantha,woody
Baeckea sp. Murchison River (M.E.Trudgen 12009),woody
Baeckea sp. Nanga (A.S.George 11346),woody
Balaustion pulcherrimum,woody
Beaufortia aestiva,woody
Beaufortia puberula,woody
Callistemon phoeniceus,woody
Calothamnus blepharospermus,woody
Calothamnus formosus,woody
Calothamnus gilesii,woody
Calothamnus phellosus,woody
Calothamnus quadrifidus,woody
Calytrix achaeta,woody
Calytrix birdii,woody
Calytrix brevifolia,woody
Calytrix breviseta,woody
Calytrix brownii,woody
Calytrix carinata,woody
Calytrix creswellii,woody
Calytrix exstipulata,woody
Calytrix flavescens,woody
Calytrix formosa,woody
Calytrix fraseri,woody
Calytrix glaberrima,woody
Calytrix harvestiana,woody
Calytrix leschenaultii,woody
Calytrix strigosa,woody
Calytrix tetragona,woody
Calytrix violacea,woody
Chamelaucium ciliatum,woody
Chamelaucium pauciflorum,woody
Corymbia aspera,woody
Corymbia bella,woody
Corymbia bleeseri,woody
Corymbia cadophora,woody
Corymbia calophylla,woody
Corymbia clarksoniana,woody
Corymbia confertiflora,woody
Corymbia dallachiana,woody
Corymbia deserticola,woody
Corymbia dichromophloia,woody
Corymbia disjuncta,woody
Corymbia ferruginea,woody
Corymbia flavescens,woody
Corymbia foelscheana,woody
Corymbia grandifolia,woody
Corymbia greeniana,woody
Corymbia gummifera,woody
Corymbia hamersleyana,woody
Corymbia nesophila,woody
Corymbia novoguinensis,woody
Corymbia opaca,woody
Corymbia papuana,woody
Corymbia pocillum,woody
Corymbia polycarpa,woody
Corymbia porrecta,woody
Corymbia ptychocarpa,woody
Corymbia setosa,woody
Corymbia stockeri,woody
Corymbia terminalis,woody
Enekbatus cristatus,woody
Enekbatus cryptandroides,woody
Enekbatus stowardii,woody
Eremaea ebracteata,woody
Eremaea pauciflora,woody
Eucalyptus accedens,woody
Eucalyptus adesmophloia,woody
Eucalyptus albopurpurea,woody
Eucalyptus amygdalina,woody
Eucalyptus andrewsii,woody
Eucalyptus baxteri,woody
Eucalyptus blakelyi,woody
Eucalyptus blaxlandii,woody
Eucalyptus brachycalyx,woody
Eucalyptus burracoppinensis,woody
Eucalyptus camaldulensis,woody
Eucalyptus celastroides,woody
Eucalyptus ceratocorys,woody
Eucalyptus chlorophylla,woody
Eucalyptus cladocalyx,woody
Eucalyptus clelandiorum,woody
Eucalyptus cneorifolia,woody
Eucalyptus confluens,woody
Eucalyptus consideniana,woody
Eucalyptus coolabah,woody
Eucalyptus cosmophylla,woody
Eucalyptus crebra,woody
Eucalyptus cullenii,woody
Eucalyptus cyanophylla,woody
Eucalyptus cylindrocarpa,woody
Eucalyptus cypellocarpa,woody
Eucalyptus dealbata,woody
Eucalyptus deanei,woody
Eucalyptus diversifolia,woody
Eucalyptus dives,woody
Eucalyptus drummondii,woody
Eucalyptus dumosa,woody
Eucalyptus eremicola,woody
Eucalyptus eudesmioides,woody
Eucalyptus fasciculosa,woody
Eucalyptus flindersii,woody
Eucalyptus gamophylla,woody
Eucalyptus gillii,woody
Eucalyptus gittinsii,woody
Eucalyptus globoidea,woody
Eucalyptus gongylocarpa,woody
Eucalyptus goniocalyx,woody
Eucalyptus gracilis,woody
Eucalyptus haemastoma,woody
Eucalyptus horistes,woody
Eucalyptus incrassata,woody
Eucalyptus intertexta,woody
Eucalyptus kingsmillii,woody
Eucalyptus largiflorens,woody
Eucalyptus leptophleba,woody
Eucalyptus leptophylla,woody
Eucalyptus leptopoda,woody
Eucalyptus leucophloia,woody
Eucalyptus leucoxylon,woody
Eucalyptus longicornis,woody
Eucalyptus longissima,woody
Eucalyptus loxophleba,woody
Eucalyptus macrorhyncha,woody
Eucalyptus mannifera,woody
Eucalyptus marginata,woody
Eucalyptus megasepala,woody
Eucalyptus melanophloia,woody
Eucalyptus melliodora,woody
Eucalyptus microcarpa,woody
Eucalyptus microneura,woody
Eucalyptus microtheca,woody
Eucalyptus miniata,woody
Eucalyptus moderata,woody
Eucalyptus obliqua,woody
Eucalyptus obtusiflora,woody
Eucalyptus odorata,woody
Eucalyptus oldfieldii,woody
Eucalyptus oleosa,woody
Eucalyptus orgadophila,woody
Eucalyptus pachyphylla,woody
Eucalyptus patellaris,woody
Eucalyptus pauciflora,woody
Eucalyptus petraea,woody
Eucalyptus phoenicea,woody
Eucalyptus piperita,woody
Eucalyptus platycorys,woody
Eucalyptus polybractea,woody
Eucalyptus populnea,woody
Eucalyptus porosa,woody
Eucalyptus prava,woody
Eucalyptus pruinosa,woody
Eucalyptus racemosa,woody
Eucalyptus remota,woody
Eucalyptus rigidula,woody
Eucalyptus rossii,woody
Eucalyptus rudis,woody
Eucalyptus rugosa,woody
Eucalyptus salmonophloia,woody
Eucalyptus salubris,woody
Eucalyptus sideroxylon,woody
Eucalyptus sieberi,woody
Eucalyptus similis,woody
Eucalyptus socialis,woody
Eucalyptus sparsifolia,woody
Eucalyptus stricta,woody
Eucalyptus tectifica,woody
Eucalyptus tenera,woody
Eucalyptus tetrodonta,woody
Eucalyptus tintinnans,woody
Eucalyptus todtiana,woody
Eucalyptus transcontinentalis,woody
Eucalyptus trivalva,woody
Eucalyptus urna,woody
Eucalyptus victrix,woody
Eucalyptus viminalis,woody
Eucalyptus wandoo,woody
Eucalyptus yalatensis,woody
Eucalyptus yilgarnensis,woody
Eucalyptus youngiana,woody
Euryomyrtus leptospermoides,woody
Euryomyrtus maidenii,woody
Euryomyrtus ramosissima,woody
Euryomyrtus recurva,woody
Homalocalyx aureus,woody
Homalocalyx grandiflorus,woody
Homalocalyx pulcherrimus,woody
Homalocalyx thryptomenoides,woody
Homoranthus flavescens,woody
Hypocalymma angustifolium,woody
Hypocalymma strictum,woody
Hysterobaeckea behrii,woody
Kunzea glabrescens,woody
Kunzea micrantha,woody
Kunzea muelleri,woody
Kunzea recurva,woody
Lamarchea hakeifolia,woody
Leptospermum arachnoides,woody
Leptospermum continentale,woody
Leptospermum divaricatum,woody
Leptospermum erubescens,woody
Leptospermum fastigiatum,woody
Leptospermum minutifolium,woody
Leptospermum myrsinoides,woody
Leptospermum polygalifolium,woody
Leptospermum spinescens,woody
Leptospermum trinervium,woody
Lithomyrtus obtusa,woody
Lophostemon grandiflorus,woody
Lophostemon suaveolens,woody
Malleostemon hursthousei,woody
Malleostemon peltiger,woody
Melaleuca acuminata,woody
Melaleuca argentea,woody
Melaleuca bracteata,woody
Melaleuca calyptroides,woody
Melaleuca cardiophylla,woody
Melaleuca citrolens,woody
Melaleuca cordata,woody
Melaleuca decussata,woody
Melaleuca eleuterostachya,woody
Melaleuca filifolia,woody
Melaleuca gibbosa,woody
Melaleuca glomerata,woody
Melaleuca hamata,woody
Melaleuca lanceolata,woody
Melaleuca lateriflora,woody
Melaleuca laxiflora,woody
Melaleuca leucadendra,woody
Melaleuca nervosa,woody
Melaleuca pauperiflora,woody
Melaleuca protrusa,woody
Melaleuca psammophila,woody
Melaleuca scalena,woody
Melaleuca stenostachya,woody
Melaleuca subtrigona,woody
Melaleuca thymoides,woody
Melaleuca trichophylla,woody
Melaleuca trichostachya,woody
Melaleuca tuberculata,woody
Melaleuca uncinata,woody
Melaleuca viridiflora,woody
Micromyrtus clavata,woody
Micromyrtus erichsenii,woody
Micromyrtus flaviflora,woody
Micromyrtus greeniana,woody
Micromyrtus monotaxis,woody
Micromyrtus obovata,woody
Micromyrtus sessilis,woody
Neofabricia myrtifolia,woody
Phymatocarpus porphyrocephalus,woody
Pileanthus peduncularis,woody
Pileanthus vernicosus,woody
Regelia inops,woody
Scholtzia involucrata,woody
Syncarpia glomulifera,woody
Syzygium angophoroides,woody
Syzygium eucalyptoides,woody
Syzygium suborbiculare,woody
Taxandria parviceps,woody
Thryptomene costata,woody
Thryptomene dampieri,woody
Thryptomene ericaea,woody
Thryptomene kochii,woody
Thryptomene oligandra,woody
Thryptomene podantha,woody
Thryptomene repens,woody
Thryptomene urceolaris,woody
Verticordia chrysantha,woody
Verticordia eriocephala,woody
Verticordia helmsii,woody
Verticordia inclusa,woody
Verticordia monadelpha,woody
Verticordia picta,woody
Verticordia pritzelii,woody
Verticordia verticillata,woody
Xanthostemon paradoxus,woody
Xanthostemon xerophilus,woody
Eucalyptus comitae-vallis,woody
Nepenthes mirabilis,herbaceous
Nitraria billardierei,woody
Boerhavia burbidgeana,semi_woody
Boerhavia coccinea,herbaceous
Boerhavia dominii,herbaceous
Boerhavia gardneri,herbaceous
Boerhavia paludosa,herbaceous
Boerhavia repleta,herbaceous
Boerhavia schomburgkiana,herbaceous
Boerhavia sp. St George (A.Hill AQ399299),semi_woody
Olax stricta,woody
Jasminum didymum,woody
Jasminum molle,woody
Jasminum simplicifolium,woody
Notelaea microcarpa,woody
Olea europaea,woody
Epilobium gunnianum,herbaceous
Epilobium hirtigerum,herbaceous
Opilia amentacea,woody
Parentucellia latifolia,herbaceous
Oxalis exilis,herbaceous
Oxalis glabra,herbaceous
Oxalis perennans,herbaceous
Oxalis pes-caprae,herbaceous
Oxalis purpurea,herbaceous
Oxalis radicosa,herbaceous
Oxalis thompsoniae,herbaceous
Pandanus spiralis,woody
Fumaria capreolata,herbaceous
Passiflora foetida,woody
Peplidium aithocheilum,herbaceous
Peplidium sp. C Evol. Fl. Fauna Arid Aust. (N.T.Burbidge & A.Kanis 8158),herbaceous
Antidesma ghaesembilla,woody
Breynia oblongifolia,woody
Flueggea virosa,woody
Notoleptopus decaisnei,semi_woody
Phyllanthus aridus,woody
Phyllanthus carpentariae,woody
Phyllanthus erwinii,herbaceous
Phyllanthus exilis,semi_woody
Phyllanthus flagellaris,herbaceous
Phyllanthus hirtellus,woody
Phyllanthus lacunarius,herbaceous
Phyllanthus maderaspatensis,woody
Phyllanthus striaticaulis,semi_woody
Phyllanthus virgatus,semi_woody
Poranthera microphylla,herbaceous
Poranthera oreophila,herbaceous
Poranthera triandra,herbaceous
Sauropus brunonis,semi_woody
Sauropus rigens,woody
Synostemon glaucus,semi_woody
Synostemon hubbardii,semi_woody
Synostemon podenzanae,semi_woody
Choriceras tricorne,woody
Micrantheum demissum,woody
Petalostigma banksii,woody
Petalostigma pubescens,woody
Petalostigma quadriloculare,woody
Billardiera cymosa,woody
Billardiera scandens,semi_woody
Billardiera uniflora,woody
Billardiera venusta,woody
Billardiera versicolor,woody
Bursaria occidentalis,woody
Bursaria spinosa,woody
Marianthus bicolor,semi_woody
Marianthus erubescens,semi_woody
Pittosporum angustifolium,woody
Rhytidosporum procumbens,woody
Bacopa floribunda,woody
Limnophila brownii,herbaceous
Limnophila fragrans,herbaceous
Plantago antarctica,herbaceous
Plantago bellardii,herbaceous
Plantago cunninghamii,herbaceous
Plantago debilis,herbaceous
Plantago drummondii,herbaceous
Plantago euryphylla,herbaceous
Plantago gaudichaudii,herbaceous
Plantago lanceolata,herbaceous
Plantago varia,herbaceous
Stemodia florulenta,herbaceous
Stemodia glabella,herbaceous
Stemodia kingii,herbaceous
Stemodia lathraia,herbaceous
Stemodia lythrifolia,herbaceous
Veronica calycina,herbaceous
Veronica derwentiana,herbaceous
Veronica gracilis,herbaceous
Veronica hillebrandii,herbaceous
Veronica subtilis,herbaceous
Limonium lobatum,herbaceous
Agrostis bettyae,herbaceous
Agrostis capillaris,herbaceous
Agrostis venusta,herbaceous
Aira caryophyllea,herbaceous
Aira cupaniana,herbaceous
Aira elegantissima,herbaceous
Alloteropsis semialata,herbaceous
Amphibromus nervosus,herbaceous
Amphipogon caricinus,herbaceous
Amphipogon strictus,herbaceous
Amphipogon turbinatus,herbaceous
Ancistrachne uncinulata,herbaceous
Anisopogon avenaceus,herbaceous
Anthosachne scabra,herbaceous
Anthoxanthum odoratum,herbaceous
Aristida anthoxanthoides,herbaceous
Aristida arida,herbaceous
Aristida behriana,herbaceous
Aristida biglandulosa,herbaceous
Aristida calycina,herbaceous
Aristida caput-medusae,herbaceous
Aristida contorta,herbaceous
Aristida dominii,herbaceous
Aristida holathera,herbaceous
Aristida hygrometrica,herbaceous
Aristida inaequiglumis,herbaceous
Aristida ingrata,herbaceous
Aristida jerichoensis,herbaceous
Aristida latifolia,herbaceous
Aristida leptopoda,herbaceous
Aristida longicollis,herbaceous
Aristida nitidula,herbaceous
Aristida obscura,herbaceous
Aristida perniciosa,herbaceous
Aristida personata,herbaceous
Aristida pruinosa,herbaceous
Aristida ramosa,herbaceous
Aristida superpendens,herbaceous
Aristida utilis,herbaceous
Aristida warburgii,herbaceous
Arundinella nepalensis,herbaceous
Arundinella setosa,herbaceous
Astrebla elymoides,herbaceous
Astrebla lappacea,herbaceous
Astrebla pectinata,herbaceous
Astrebla squarrosa,herbaceous
Australopyrum velutinum,herbaceous
Austrostipa acrociliata,herbaceous
Austrostipa blackii,herbaceous
Austrostipa breviglumis,herbaceous
Austrostipa curticoma,herbaceous
Austrostipa drummondii,herbaceous
Austrostipa elegantissima,herbaceous
Austrostipa eremophila,herbaceous
Austrostipa flavescens,herbaceous
Austrostipa hemipogon,herbaceous
Austrostipa mollis,herbaceous
Austrostipa muelleri,herbaceous
Austrostipa mundula,herbaceous
Austrostipa nitida,herbaceous
Austrostipa nivicola,herbaceous
Austrostipa nodosa,herbaceous
Austrostipa nullanulla,herbaceous
Austrostipa pilata,herbaceous
Austrostipa platychaeta,herbaceous
Austrostipa plumigera,herbaceous
Austrostipa puberula,herbaceous
Austrostipa pubinodis,herbaceous
Austrostipa scabra,herbaceous
Austrostipa semibarbata,herbaceous
Austrostipa setacea,herbaceous
Austrostipa stuposa,herbaceous
Austrostipa trichophylla,herbaceous
Austrostipa verticillata,herbaceous
Avena barbata,herbaceous
Bothriochloa bladhii,herbaceous
Bothriochloa ewartiana,herbaceous
Bothriochloa macra,herbaceous
Bothriochloa pertusa,herbaceous
Brachyachne convergens,herbaceous
Brachyachne tenella,herbaceous
Brachypodium distachyon,herbaceous
Briza maxima,herbaceous
Briza minor,herbaceous
Bromus arenarius,herbaceous
Bromus diandrus,herbaceous
Bromus hordeaceus,herbaceous
Bromus madritensis,herbaceous
Bromus rubens,herbaceous
Capillipedium parviflorum,herbaceous
Capillipedium spicigerum,herbaceous
Cenchrus ciliaris,herbaceous
Cenchrus purpurascens,herbaceous
Cenchrus setiger,herbaceous
Chloris divaricata,herbaceous
Chloris pectinata,herbaceous
Chloris truncata,herbaceous
Chloris ventricosa,herbaceous
Chloris virgata,herbaceous
Chrysopogon elongatus,herbaceous
Chrysopogon fallax,herbaceous
Chrysopogon latifolius,herbaceous
Chrysopogon pallidus,herbaceous
Chrysopogon setifolius,herbaceous
Cleistochloa subjuncea,herbaceous
Cymbopogon ambiguus,herbaceous
Cymbopogon bombycinus,herbaceous
Cymbopogon obtectus,herbaceous
Cymbopogon refractus,herbaceous
Cynodon dactylon,herbaceous
Cynosurus echinatus,herbaceous
Dactylis glomerata,herbaceous
Dactyloctenium radulans,herbaceous
Deyeuxia carinata,herbaceous
Deyeuxia innominata,herbaceous
Deyeuxia monticola,herbaceous
Dichanthium annulatum,herbaceous
Dichanthium aristatum,herbaceous
Dichanthium fecundum,herbaceous
Dichanthium sericeum,herbaceous
Dichelachne crinita,herbaceous
Dichelachne hirtella,herbaceous
Dichelachne micrantha,herbaceous
Dichelachne rara,herbaceous
Digitaria ammophila,herbaceous
Digitaria bicornis,herbaceous
Digitaria brownii,herbaceous
Digitaria divaricatissima,herbaceous
Digitaria gibbosa,herbaceous
Digitaria longiflora,herbaceous
Digitaria papposa,herbaceous
Dimeria acinaciformis,herbaceous
Dimeria ornithopoda,herbaceous
Dinebra neesii,herbaceous
Diplachne fusca,herbaceous
Echinochloa colona,herbaceous
Ectrosia agrostoides,herbaceous
Ectrosia leporina,herbaceous
Ectrosia scabrida,herbaceous
Ehrharta longiflora,herbaceous
Enneapogon avenaceus,herbaceous
Enneapogon caerulescens,herbaceous
Enneapogon cylindricus,herbaceous
Enneapogon gracilis,herbaceous
Enneapogon intermedius,herbaceous
Enneapogon lindleyanus,herbaceous
Enneapogon nigricans,herbaceous
Enneapogon polyphyllus,herbaceous
Enneapogon purpurascens,herbaceous
Enneapogon robustissimus,herbaceous
Enteropogon acicularis,herbaceous
Enteropogon minutus,herbaceous
Enteropogon ramosus,herbaceous
Entolasia stricta,herbaceous
Eragrostis australasica,herbaceous
Eragrostis barrelieri,herbaceous
Eragrostis basedowii,herbaceous
Eragrostis cassa,herbaceous
Eragrostis cilianensis,herbaceous
Eragrostis concinna,herbaceous
Eragrostis cumingii,herbaceous
Eragrostis curvula,herbaceous
Eragrostis desertorum,herbaceous
Eragrostis dielsii,herbaceous
Eragrostis elongata,herbaceous
Eragrostis eriopoda,herbaceous
Eragrostis falcata,herbaceous
Eragrostis fallax,herbaceous
Eragrostis lacunaria,herbaceous
Eragrostis laniflora,herbaceous
Eragrostis lanipes,herbaceous
Eragrostis leptocarpa,herbaceous
Eragrostis leptostachya,herbaceous
Eragrostis parviflora,herbaceous
Eragrostis pergracilis,herbaceous
Eragrostis pilosa,herbaceous
Eragrostis pubescens,herbaceous
Eragrostis schultzii,herbaceous
Eragrostis setifolia,herbaceous
Eragrostis speciosa,herbaceous
Eragrostis stagnalis,herbaceous
Eragrostis tenellula,herbaceous
Eragrostis xerophila,herbaceous
Eremochloa bimaculata,herbaceous
Eriachne agrostidea,herbaceous
Eriachne aristidea,herbaceous
Eriachne armittii,herbaceous
Eriachne avenacea,herbaceous
Eriachne basedowii,herbaceous
Eriachne benthamii,herbaceous
Eriachne burkittii,herbaceous
Eriachne ciliata,herbaceous
Eriachne festucacea,herbaceous
Eriachne filiformis,herbaceous
Eriachne flaccida,herbaceous
Eriachne glauca,herbaceous
Eriachne helmsii,herbaceous
Eriachne humilis,herbaceous
Eriachne lanata,herbaceous
Eriachne major,herbaceous
Eriachne melicacea,herbaceous
Eriachne mucronata,herbaceous
Eriachne nervosa,herbaceous
Eriachne obtusa,herbaceous
Eriachne ovata,herbaceous
Eriachne pallescens,herbaceous
Eriachne pulchella,herbaceous
Eriachne sp. woolly culms (P.K.Latz 10065),herbaceous
Eriachne squarrosa,herbaceous
Eriachne stipacea,herbaceous
Eriachne triodioides,herbaceous
Eriachne triseta,herbaceous
Eriochloa crebra,herbaceous
Eriochloa procera,herbaceous
Eulalia aurea,herbaceous
Eulalia mackinlayi,herbaceous
Festuca arundinacea,herbaceous
Germainia truncatiglumis,herbaceous
Heteropogon contortus,herbaceous
Heteropogon triticeus,herbaceous
Hierochloe submutica,herbaceous
Holcolemma dispar,herbaceous
Holcus lanatus,herbaceous
Homopholis belsonii,herbaceous
Hordeum leporinum,herbaceous
Ischaemum australe,herbaceous
Ischaemum decumbens,herbaceous
Ischaemum fragile,herbaceous
Iseilema convexum,herbaceous
Iseilema dolichotrichum,herbaceous
Iseilema fragile,herbaceous
Iseilema macratherum,herbaceous
Iseilema membranaceum,herbaceous
Iseilema vaginiflorum,herbaceous
Koeleria macrantha,herbaceous
Lachnagrostis aemula,herbaceous
Lachnagrostis filiformis,herbaceous
Leptochloa digitata,herbaceous
Lolium perenne,herbaceous
Lolium rigidum,herbaceous
Megathyrsus maximus,herbaceous
Melinis repens,herbaceous
Microlaena stipoides,herbaceous
Mnesithea formosa,herbaceous
Mnesithea rottboellioides,herbaceous
Monachather paradoxus,herbaceous
Neurachne alopecuroidea,herbaceous
Neurachne munroi,herbaceous
Ophiuros exaltatus,herbaceous
Oryza australiensis,herbaceous
Oxychloris scariosa,herbaceous
Panicum decompositum,herbaceous
Panicum effusum,herbaceous
Panicum laevinode,herbaceous
Panicum larcomianum,herbaceous
Panicum mindanaense,herbaceous
Panicum queenslandicum,herbaceous
Panicum seminudum,herbaceous
Panicum simile,herbaceous
Panicum trachyrhachis,herbaceous
Paractaenum novae-hollandiae,herbaceous
Paractaenum refractum,herbaceous
Paraneurachne muelleri,herbaceous
Paspalidium caespitosum,herbaceous
Paspalidium clementii,herbaceous
Paspalidium constrictum,herbaceous
Paspalidium distans,herbaceous
Paspalidium globoideum,herbaceous
Paspalidium gracile,herbaceous
Paspalidium jubiflorum,herbaceous
Paspalidium rarum,herbaceous
Paspalidium reflexum,herbaceous
Paspalidium retiglume,herbaceous
Paspalum dilatatum,herbaceous
Paspalum scrobiculatum,herbaceous
Pentameris airoides,herbaceous
Pentameris pallida,herbaceous
Perotis rara,herbaceous
Pheidochloa gracilis,herbaceous
Phragmites australis,herbaceous
Poa clelandii,herbaceous
Poa clivicola,herbaceous
Poa costiniana,herbaceous
Poa fawcettiae,herbaceous
Poa hiemata,herbaceous
Poa hothamensis,herbaceous
Poa labillardierei,herbaceous
Poa mollis,herbaceous
Poa pratensis,herbaceous
Poa rodwayi,herbaceous
Poa sieberiana,herbaceous
Poa tenera,herbaceous
Pseudopogonatherum contortum,herbaceous
Pseudopogonatherum irritans,herbaceous
Pseudoraphis spinescens,herbaceous
Rostraria cristata,herbaceous
Rostraria pumila,herbaceous
Rytidosperma bipartitum,herbaceous
Rytidosperma caespitosum,herbaceous
Rytidosperma carphoides,herbaceous
Rytidosperma diemenicum,herbaceous
Rytidosperma erianthum,herbaceous
Rytidosperma geniculatum,herbaceous
Rytidosperma nudiflorum,herbaceous
Rytidosperma oreophilum,herbaceous
Rytidosperma pallidum,herbaceous
Rytidosperma penicillatum,herbaceous
Rytidosperma pilosum,herbaceous
Rytidosperma racemosum,herbaceous
Rytidosperma setaceum,herbaceous
Rytidosperma tenuius,herbaceous
Sacciolepis myosuroides,herbaceous
Schismus barbatus,herbaceous
Schizachyrium fragile,herbaceous
Schizachyrium pachyarthron,herbaceous
Schizachyrium perplexum,herbaceous
Schizachyrium pseudeulalia,herbaceous
Sehima nervosum,herbaceous
Setaria apiculata,herbaceous
Setaria surgens,herbaceous
Setaria verticillata,herbaceous
Sorghum intrans,herbaceous
Sorghum plumosum,herbaceous
Sorghum stipoideum,herbaceous
Sorghum timorense,herbaceous
Sporobolus actinocladus,herbaceous
Sporobolus advenus,herbaceous
Sporobolus australasicus,herbaceous
Sporobolus caroli,herbaceous
Sporobolus mitchellii,herbaceous
Sporobolus pulchellus,herbaceous
Sporobolus virginicus,herbaceous
Tetrarrhena juncea,herbaceous
Thaumastochloa brassii,herbaceous
Thaumastochloa major,herbaceous
Thaumastochloa pubescens,herbaceous
Thaumastochloa striata,herbaceous
Themeda arguens,herbaceous
Themeda avenacea,herbaceous
Themeda quadrivalvis,herbaceous
Themeda triandra,herbaceous
Thyridolepis mitchelliana,herbaceous
Thyridolepis xerophila,herbaceous
Tragus australianus,herbaceous
Triodia angusta,herbaceous
Triodia basedowii,herbaceous
Triodia bitextura,herbaceous
Triodia brizoides,herbaceous
Triodia bromoides,herbaceous
Triodia caelestialis,herbaceous
Triodia danthonioides,herbaceous
Triodia epactia,herbaceous
Triodia irritans,herbaceous
Triodia longiceps,herbaceous
Triodia melvillei,herbaceous
Triodia microstachya,herbaceous
Triodia plurinervata,herbaceous
Triodia pungens,herbaceous
Triodia rigidissima,herbaceous
Triodia scariosa,herbaceous
Triodia schinzii,herbaceous
Triodia scintillans,herbaceous
Triodia sp. Shovelanna Hill (S.van Leeuwen 3835),herbaceous
Triodia tomentosa,herbaceous
Triodia wiseana,herbaceous
Tripogonella loliiformis,herbaceous
Triraphis mollis,herbaceous
Trisetum spicatum,herbaceous
Uranthoecium truncatum,herbaceous
Urochloa holosericea,herbaceous
Urochloa panicoides,herbaceous
Urochloa piligera,herbaceous
Urochloa pubigera,herbaceous
Urochloa ramosa,herbaceous
Urochloa subquadripara,herbaceous
Vulpia bromoides,herbaceous
Vulpia muralis,herbaceous
Vulpia myuros,herbaceous
Xerochloa imberbis,herbaceous
Yakirra australiensis,herbaceous
Yakirra majuscula,herbaceous
Yakirra nulla,herbaceous
Zygochloa paradoxa,herbaceous
Comesperma integerrimum,herbaceous
Comesperma scoparium,woody
Comesperma spinosum,woody
Comesperma volubile,herbaceous
Polygala bifoliata,herbaceous
Polygala dependens,herbaceous
Polygala parviloba,herbaceous
Duma coccoloboides,semi_woody
Duma florulenta,woody
Polygonum plebeium,herbaceous
Rumex acetosella,herbaceous
Rumex brownii,herbaceous
Rumex vesicarius,herbaceous
Calandrinia baccata,herbaceous
Calandrinia balonensis,herbaceous
Calandrinia calyptrata,herbaceous
Calandrinia eremaea,herbaceous
Calandrinia flava,herbaceous
Calandrinia granulifera,herbaceous
Calandrinia polyandra,herbaceous
Calandrinia ptychosperma,herbaceous
Calandrinia pumila,herbaceous
Calandrinia schistorhiza,herbaceous
Calandrinia stagnensis,herbaceous
Calandrinia uniflora,herbaceous
Portulaca bicolor,herbaceous
Portulaca decipiens,herbaceous
Portulaca digyna,herbaceous
Portulaca filifolia,herbaceous
Portulaca intraterranea,herbaceous
Portulaca oleracea,herbaceous
Portulaca oligosperma,herbaceous
Portulaca pilosa,herbaceous
Portulaca sp. finely echinate (D.G.Tulloch 41),herbaceous
Portulaca sp. smooth seed (C.R.Michell 2286),herbaceous
Lysimachia arvensis,herbaceous
Adenanthos cuneatus,woody
Adenanthos cygnorum,woody
Adenanthos macropodianus,woody
Adenanthos obovatus,woody
Banksia alliacea,woody
Banksia armata,woody
Banksia attenuata,woody
Banksia dallanneyi,woody
Banksia dentata,woody
Banksia elderiana,woody
Banksia ericifolia,woody
Banksia grandis,woody
Banksia ilicifolia,woody
Banksia lindleyana,woody
Banksia marginata,woody
Banksia menziesii,woody
Banksia neoanglica,woody
Banksia nivea,woody
Banksia nobilis,woody
Banksia oblongifolia,woody
Banksia ornata,woody
Banksia sceptrum,woody
Banksia serrata,woody
Banksia spinulosa,woody
Banksia squarrosa,woody
Banksia violacea,woody
Conospermum longifolium,woody
Conospermum microflorum,woody
Conospermum patens,woody
Conospermum stoechadis,woody
Grevillea acuaria,woody
Grevillea agrifolia,woody
Grevillea albiflora,woody
Grevillea annulifera,woody
Grevillea aspera,woody
Grevillea australis,woody
Grevillea berryana,woody
Grevillea buxifolia,woody
Grevillea cagiana,woody
Grevillea ceratocarpa,woody
Grevillea decurrens,woody
Grevillea didymobotrya,woody
Grevillea dimidiata,woody
Grevillea dryandri,woody
Grevillea eremophila,woody
Grevillea eriostachya,woody
Grevillea excelsior,woody
Grevillea glauca,woody
Grevillea goodii,woody
Grevillea haplantha,woody
Grevillea heliosperma,woody
Grevillea hookeriana,woody
Grevillea huegelii,woody
Grevillea juncifolia,woody
Grevillea lavandulacea,woody
Grevillea leptobotrys,woody
Grevillea mcgillivrayi,woody
Grevillea mimosoides,woody
Grevillea nematophylla,woody
Grevillea obliquistigma,woody
Grevillea oncogyne,woody
Grevillea paradoxa,woody
Grevillea parallela,woody
Grevillea pauciflora,woody
Grevillea phylicoides,woody
Grevillea pluricaulis,woody
Grevillea pteridifolia,woody
Grevillea pterosperma,woody
Grevillea pyramidalis,woody
Grevillea quinquenervis,woody
Grevillea ramosissima,woody
Grevillea refracta,woody
Grevillea sarissa,woody
Grevillea sericea,woody
Grevillea stenobotrya,woody
Grevillea striata,woody
Grevillea teretifolia,woody
Grevillea velutinella,woody
Grevillea viridiflava,woody
Grevillea wickhamii,woody
Grevillea yorkrakinensis,woody
Hakea arborescens,woody
Hakea bucculenta,woody
Hakea carinata,woody
Hakea ceratophylla,woody
Hakea chordophylla,woody
Hakea circumalata,woody
Hakea corymbosa,woody
Hakea divaricata,woody
Hakea erecta,woody
Hakea eyreana,woody
Hakea francisiana,woody
Hakea laevipes,woody
Hakea leucoptera,woody
Hakea lissocarpha,woody
Hakea lorea,woody
Hakea macrocarpa,woody
Hakea microcarpa,woody
Hakea minyma,woody
Hakea mitchellii,woody
Hakea orthorrhyncha,woody
Hakea pedunculata,woody
Hakea persiehana,woody
Hakea platysperma,woody
Hakea propinqua,woody
Hakea prostrata,woody
Hakea recurva,woody
Hakea rostrata,woody
Hakea rugosa,woody
Hakea ruscifolia,woody
Hakea scoparia,woody
Hakea sericea,woody
Hakea tephrosperma,woody
Hakea trifurcata,woody
Hakea vittata,woody
Isopogon anemonifolius,woody
Isopogon ceratophyllus,woody
Isopogon formosus,woody
Isopogon longifolius,woody
Isopogon scabriusculus,woody
Isopogon trilobus,woody
Lambertia formosa,woody
Lambertia inermis,woody
Lomatia silaifolia,woody
Orites lancifolius,woody
Persoonia acicularis,woody
Persoonia bowgada,woody
Persoonia comata,woody
Persoonia coriacea,woody
Persoonia cornifolia,woody
Persoonia falcata,woody
Persoonia hexagona,woody
Persoonia inconspicua,woody
Persoonia laurina,woody
Persoonia levis,woody
Persoonia linearis,woody
Persoonia longifolia,woody
Persoonia mollis,woody
Persoonia myrtilloides,woody
Persoonia pinifolia,woody
Petrophile canescens,woody
Petrophile ericifolia,woody
Petrophile filifolia,woody
Petrophile heterophylla,woody
Petrophile linearis,woody
Petrophile multisecta,woody
Petrophile pedunculata,woody
Petrophile pulchella,woody
Petrophile semifurcata,woody
Petrophile squamata,woody
Petrophile striata,woody
Petrophile stricta,woody
Stenocarpus acacioides,woody
Stirlingia latifolia,woody
Synaphea spinulosa,woody
Telopea speciosissima,woody
Xylomelum angustifolium,woody
Xylomelum pyriforme,woody
Xylomelum scottianum,woody
Clematis microphylla,woody
Psychrophila introloba,herbaceous
Ranunculus graniticola,herbaceous
Ranunculus hamatosetosus,herbaceous
Ranunculus lappaceus,herbaceous
Ranunculus muelleri,herbaceous
Ranunculus pachycarpus,herbaceous
Ranunculus sessiliflorus,herbaceous
Ranunculus victoriensis,herbaceous
Baloskion australe,herbaceous
Dapsilanthus ramosus,herbaceous
Dapsilanthus spathaceus,herbaceous
Desmocladus asper,herbaceous
Desmocladus fasciculatus,herbaceous
Desmocladus flexuosus,herbaceous
Desmocladus lateriflorus,herbaceous
Desmocladus laxiflorus,herbaceous
Empodisma minus,herbaceous
Hypolaena exsulca,herbaceous
Hypolaena fastigiata,herbaceous
Lepidobolus preissianus,herbaceous
Leptocarpus tenax,herbaceous
Loxocarya striata,herbaceous
Alphitonia excelsa,woody
Alphitonia pomaderroides,woody
Cryptandra amara,woody
Cryptandra apetala,woody
Cryptandra crispula,woody
Cryptandra micrantha,woody
Cryptandra minutifolia,woody
Cryptandra polyclada,woody
Cryptandra tomentosa,woody
Cryptandra wilsonii,woody
Pomaderris andromedifolia,woody
Pomaderris forrestiana,woody
Pomaderris obcordata,woody
Spyridium nitidum,woody
Spyridium parvifolium,woody
Spyridium phlebophyllum,woody
Spyridium phylicoides,woody
Spyridium thymifolium,woody
Spyridium vexilliferum,woody
Spyridium waterhousei,woody
Stenanthemum complicatum,woody
Stenanthemum stipulosum,woody
Ventilago viminalis,woody
Ziziphus mauritiana,woody
Acaena echinata,herbaceous
Acaena novae-zelandiae,herbaceous
Acaena x ovina,herbaceous
Rubus laudatus,woody
Rubus parvifolius,semi_woody
Asperula conferta,herbaceous
Asperula gunnii,herbaceous
Asperula pusilla,herbaceous
Coelospermum reticulatum,woody
Coprosma hirtella,woody
Galium ciliare,herbaceous
Galium murale,herbaceous
Gardenia dacryoides,woody
Gardenia megasperma,woody
Gardenia vilhelmii,woody
Hydnophytum moseleyanum,woody
Mitracarpus hirtus,herbaceous
Oldenlandia crouchiana,herbaceous
Oldenlandia galioides,herbaceous
Oldenlandia mitrasacmoides,herbaceous
Oldenlandia pterospora,herbaceous
Opercularia hispidula,semi_woody
Opercularia spermacocea,semi_woody
Opercularia turpis,herbaceous
Psydrax attenuata,woody
Psydrax johnsonii,woody
Psydrax latifolia,woody
Psydrax odorata,woody
Psydrax oleifolia,woody
Psydrax pendulina,woody
Psydrax rigidula,woody
Spermacoce brachystema,herbaceous
Spermacoce constricta,herbaceous
Spermacoce dolichosperma,herbaceous
Spermacoce hillii,herbaceous
Spermacoce leptoloba,herbaceous
Spermacoce occultiseta,herbaceous
Synaptantha tillaeacea,herbaceous
Asterolasia trymalioides,woody
Boronia alulata,woody
Boronia bowmanii,woody
Boronia coerulescens,woody
Boronia decumbens,semi_woody
Boronia edwardsii,woody
Boronia filifolia,woody
Boronia ledifolia,woody
Boronia microphylla,woody
Boronia ramosa,woody
Boronia ternata,woody
Correa aemula,woody
Correa backhouseana,woody
Correa reflexa,woody
Diplolaena grandiflora,woody
Diplolaena mollis,woody
Drummondita hassellii,woody
Eriostemon banksii,woody
Flindersia dissosperma,woody
Flindersia maculosa,woody
Geijera linearifolia,woody
Geijera parviflora,woody
Microcybe multiflora,woody
Phebalium canaliculatum,woody
Phebalium filifolium,woody
Phebalium laevigatum,woody
Phebalium lepidotum,woody
Phebalium squamulosum,woody
Phebalium tuberculosum,woody
Philotheca angustifolia,woody
Philotheca difformis,woody
Philotheca glabra,woody
Philotheca linearis,woody
Philotheca sericea,woody
Anthobolus filifolius,woody
Anthobolus leptomerioides,woody
Choretrum glomeratum,woody
Choretrum pauciflorum,woody
Exocarpos aphyllus,woody
Exocarpos cupressiformis,woody
Exocarpos latifolius,woody
Exocarpos sparteus,woody
Leptomeria acida,woody
Leptomeria aphylla,woody
Leptomeria preissiana,woody
Leptomeria scrobiculata,woody
Santalum acuminatum,woody
Santalum lanceolatum,woody
Santalum spicatum,woody
Alectryon diversifolius,woody
Alectryon oleifolius,woody
Atalaya hemiglauca,woody
Atalaya variifolia,woody
Cupaniopsis anacardioides,woody
Diplopeltis stuartii,herbaceous
Dodonaea adenophora,woody
Dodonaea amblyophylla,woody
Dodonaea baueri,woody
Dodonaea bursariifolia,woody
Dodonaea coriacea,woody
Dodonaea hispidula,woody
Dodonaea humilis,woody
Dodonaea lobulata,woody
Dodonaea microzyga,woody
Dodonaea oxyptera,woody
Dodonaea physocarpa,woody
Dodonaea stenozyga,woody
Dodonaea viscosa,woody
Planchonella arnhemica,woody
Planchonella pohlmaniana,woody
Sersalisia sericea,woody
Sersalisia unmackiana,woody
Eremophila alternifolia,woody
Eremophila bignoniiflora,woody
Eremophila bowmanii,woody
Eremophila caespitosa,woody
Eremophila caperata,woody
Eremophila clarkei,woody
Eremophila cordatisepala,woody
Eremophila cuneifolia,woody
Eremophila debilis,woody
Eremophila decipiens,woody
Eremophila dempsteri,woody
Eremophila deserti,woody
Eremophila drummondii,woody
Eremophila duttonii,woody
Eremophila exilifolia,woody
Eremophila fallax,woody
Eremophila forrestii,woody
Eremophila freelingii,woody
Eremophila gilesii,woody
Eremophila glabra,woody
Eremophila goodwinii,woody
Eremophila granitica,woody
Eremophila hygrophana,woody
Eremophila interstans,woody
Eremophila ionantha,woody
Eremophila jucunda,woody
Eremophila lanceolata,woody
Eremophila latrobei,woody
Eremophila longifolia,woody
Eremophila macdonnellii,woody
Eremophila macmillaniana,woody
Eremophila maculata,woody
Eremophila maitlandii,woody
Eremophila margarethae,woody
Eremophila mitchellii,woody
Eremophila obovata,woody
Eremophila oldfieldii,woody
Eremophila oppositifolia,woody
Eremophila pantonii,woody
Eremophila phyllopoda,woody
Eremophila platycalyx,woody
Eremophila platythamnos,woody
Eremophila saligna,woody
Eremophila scoparia,woody
Eremophila serrulata,woody
Eremophila spuria,woody
Eremophila sturtii,woody
Eremophila willsii,woody
Eremophila youngii,woody
Euphrasia collina,herbaceous
Myoporum acuminatum,woody
Myoporum insulare,woody
Myoporum montanum,woody
Myoporum parvifolium,woody
Myoporum petiolatum,woody
Myoporum platycarpum,woody
Samadera sp. Mary River (I.D.Cowie 1454),woody
Smilax australis,semi_woody
Smilax calophylla,herbaceous
Smilax glyciphylla,semi_woody
Anthocercis intricata,woody
Anthotroche myoporoides,woody
Cyphanthera myosotidea,woody
Cyphanthera racemosa,woody
Datura ferox,herbaceous
Lycium australe,woody
Lycium ferocissimum,woody
Nicotiana goodspeedii,herbaceous
Nicotiana rotundifolia,herbaceous
Nicotiana simulans,herbaceous
Nicotiana velutina,herbaceous
Solanum aridicola,semi_woody
Solanum centrale,semi_woody
Solanum chenopodinum,woody
Solanum cleistogamum,herbaceous
Solanum elatius,woody
Solanum ellipticum,semi_woody
Solanum esuriale,semi_woody
Solanum ferocissimum,woody
Solanum lasiophyllum,semi_woody
Solanum lithophilum,semi_woody
Solanum nigrum,semi_woody
Solanum nummularium,woody
Solanum orbiculatum,woody
Solanum petrophilum,woody
Solanum pugiunculiferum,herbaceous
Solanum quadriloculatum,woody
Solanum sturtianum,woody
Stemona australiana,herbaceous
Levenhookia dubia,herbaceous
Levenhookia leptantha,herbaceous
Levenhookia pauciflora,herbaceous
Levenhookia pusilla,herbaceous
Stylidium arenicola,herbaceous
Stylidium armeria,herbaceous
Stylidium austrocapense,herbaceous
Stylidium ciliatum,herbaceous
Stylidium crassifolium,herbaceous
Stylidium dielsianum,herbaceous
Stylidium elongatum,herbaceous
Stylidium graminifolium,herbaceous
Stylidium humphreysii,herbaceous
Stylidium montanum,herbaceous
Stylidium piliferum,herbaceous
Stylidium repens,herbaceous
Stylidium scandens,herbaceous
Stylidium schizanthum,herbaceous
Stylidium semipartitum,herbaceous
Stylobasium spathulatum,woody
Tacca leontopetaloides,herbaceous
Pimelea aeruginosa,woody
Pimelea alpina,woody
Pimelea ammocharis,woody
Pimelea angustifolia,woody
Pimelea axiflora,woody
Pimelea biflora,woody
Pimelea flava,woody
Pimelea glauca,woody
Pimelea humilis,woody
Pimelea linifolia,woody
Pimelea microcephala,woody
Pimelea octophylla,woody
Pimelea petrophila,woody
Pimelea simplex,semi_woody
Pimelea stricta,woody
Pimelea trichostachya,woody
Typha domingensis,herbaceous
Parietaria cardiostegia,herbaceous
Parietaria debilis,herbaceous
Urtica urens,herbaceous
Glandularia aristigera,herbaceous
Phyla canescens,herbaceous
Verbena officinalis,herbaceous
Verbena supina,herbaceous
Hybanthus aurantiacus,woody
Hybanthus enneaspermus,semi_woody
Hybanthus floribundus,semi_woody
Hybanthus monopetalus,herbaceous
Melicytus angustifolius,woody
Viola betonicifolia,herbaceous
Viola eminens,herbaceous
Viola sieberiana,herbaceous
Tasmannia xerophila,woody
Xanthorrhoea johnsonii,woody
Xanthorrhoea preissii,woody
Xanthorrhoea quadrangulata,woody
Xanthorrhoea semiplana,woody
Xyris cheumatophila,herbaceous
Xyris complanata,herbaceous
Xyris oligantha,herbaceous
Curcuma australasica,herbaceous
Roepera ammophila,herbaceous
Roepera apiculata,semi_woody
Roepera aurantiaca,herbaceous
Roepera billardierei,herbaceous
Roepera confluens,herbaceous
Roepera eichleri,herbaceous
Roepera emarginata,herbaceous
Roepera eremaea,herbaceous
Roepera fruticulosa,semi_woody
Roepera glauca,herbaceous
Roepera howittii,herbaceous
Roepera iodocarpa,herbaceous
Roepera kochii,herbaceous
Roepera lobulata,herbaceous
Roepera ovata,herbaceous
Roepera prismatotheca,herbaceous
Roepera similis,herbaceous
Tribulopis angustifolia,herbaceous
Tribulus astrocarpus,herbaceous
Tribulus cistoides,herbaceous
Tribulus eichlerianus,herbaceous
Tribulus hystrix,herbaceous
Tribulus minutus,herbaceous
Tribulus terrestris,herbaceous
Acrotriche halmaturina,woody
Goodenia lanata,herbaceous
Hibbertia serpyllifolia,woody
Leucopogon virgatus,woody
Amaranthus undulatus,herbaceous
Calandrinia quadrivalvis,herbaceous
Corchorus aestuans,herbaceous
Melaleuca alsophila,woody
Acacia stigmatophylla,woody
Eriachne pauciflora,herbaceous
Gomphrena connata,herbaceous
Gossypium exiguum,semi_woody
Hibbertia sphenandra,semi_woody
Buchnera ramosissima,semi_woody
Crotalaria alata,herbaceous
Yakirra pauciflora,herbaceous
Cynanchum pedunculatum,herbaceous
Pterocaulon verbascifolium,woody
Bauhinia malabarica,woody
Ficus racemosa,woody
Juncus kraussii,herbaceous